Alternatives,C1,C2,C3,C4,C5,C6,C7,C8,C9,C10,C11,C12
Iconia Talk S,260.0,9.0,2016.0,7.0,128.0,16384.0,2048.0,13.0,2.0,4.0,2.0,170.0
Liquid Z6 Plus,169.0,5.0,2016.0,5.0,256.0,32768.0,3072.0,13.0,5.0,4.0,2.0,250.0
Liquid X2,166.0,5.0,2015.0,5.0,32.0,32768.0,3072.0,13.0,13.0,4.0,2.0,230.0
Liquid Zest,125.0,4.0,2016.0,5.0,32.0,8192.0,1024.0,8.0,5.0,4.0,2.0,110.0
Predator 8,353.0,12.0,2015.0,8.0,256.0,32768.0,2048.0,5.0,2.0,4.0,2.0,350.0
Liquid Jade Primo,150.0,5.0,2015.0,5.0,256.0,32768.0,3072.0,21.0,8.0,4.0,3.0,220.0
Iconia Tab 10 A3-A30,540.0,1.0,2015.0,10.0,256.0,16384.0,2048.0,5.0,2.0,4.0,2.0,250.0
Iconia Tab A3-A20,508.0,12.0,2014.0,10.0,256.0,16384.0,1024.0,5.0,2.0,4.0,2.0,190.0
Iconia Tab A3-A20FHD,508.0,12.0,2014.0,10.0,256.0,32768.0,2048.0,5.0,2.0,4.0,2.0,230.0
Liquid Jade Z,110.0,3.0,2015.0,5.0,32.0,8192.0,1024.0,13.0,5.0,4.0,2.0,200.0
Liquid Z520,118.0,4.0,2015.0,5.0,32.0,8192.0,1024.0,8.0,2.0,4.0,2.0,130.0
Liquid Z220,120.0,4.0,2015.0,4.0,32.0,8192.0,1024.0,5.0,2.0,4.0,2.0,90.0
Liquid M220,119.0,4.0,2015.0,4.0,32.0,4096.0,512.0,5.0,2.0,4.0,2.0,80.0
Liquid Z410,145.0,11.0,2015.0,4.0,32.0,8192.0,1024.0,5.0,2.0,4.0,2.0,130.0
Liquid Jade S,116.0,9.0,2014.0,5.0,32.0,16384.0,2048.0,13.0,5.0,4.0,2.0,200.0
Liquid Z500,150.0,5.0,2014.0,5.0,32.0,4096.0,1024.0,8.0,2.0,4.0,2.0,150.0
Liquid X1,164.0,5.0,2014.0,5.0,32.0,16384.0,2048.0,13.0,2.0,4.0,2.0,260.0
Liquid Jade,110.0,3.0,2014.0,5.0,32.0,8192.0,1024.0,13.0,2.0,4.0,2.0,180.0
Liquid E700,155.0,5.0,2014.0,5.0,32.0,16384.0,2048.0,8.0,2.0,4.0,2.0,200.0
Liquid E600,155.0,5.0,2014.0,5.0,32.0,4096.0,1024.0,8.0,2.0,4.0,2.0,200.0
Iconia Tab 8 A1-840FHD,360.0,12.0,2014.0,8.0,32.0,16384.0,2048.0,5.0,2.0,4.0,2.0,200.0
Iconia A1-830,380.0,13.0,2014.0,7.0,32.0,16384.0,1024.0,5.0,2.0,3.0,2.0,130.0
Liquid S2,229.0,8.0,2013.0,6.0,64.0,16384.0,2048.0,13.0,2.0,4.0,2.0,340.0
Liquid S1,195.0,6.0,2013.0,5.0,32.0,8192.0,1024.0,8.0,2.0,4.0,2.0,320.0
Liquid E2,140.0,4.0,2013.0,4.0,32.0,4096.0,1024.0,8.0,2.0,3.0,2.0,180.0
Iconia Tab A511,777.0,1.0,2012.0,10.0,32.0,16384.0,1024.0,5.0,1.0,2.0,2.0,250.0
Iconia Tab A510,680.0,1.0,2012.0,10.0,32.0,16384.0,1024.0,5.0,1.0,2.0,2.0,230.0
Iconia Tab A501,777.0,1.0,2011.0,10.0,32.0,16384.0,1024.0,5.0,2.0,2.0,2.0,490.0
Iconia Smart,185.0,6.0,2011.0,4.0,32.0,8192.0,512.0,8.0,2.0,2.0,2.0,220.0
Iconia Tab A500,730.0,1.0,2011.0,10.0,32.0,16384.0,1024.0,5.0,2.0,2.0,2.0,200.0
Iconia Tab A101,470.0,4.0,2011.0,7.0,32.0,8192.0,1024.0,5.0,2.0,2.0,2.0,260.0
Iconia Tab A100,450.0,0.0,2011.0,7.0,32.0,8192.0,1024.0,5.0,2.0,2.0,2.0,100.0
Shine Lite,156.0,5.0,2016.0,5.0,256.0,16384.0,2048.0,13.0,5.0,4.0,2.0,200.0
Fierce 4,163.0,5.0,2016.0,5.0,256.0,16384.0,2048.0,8.0,5.0,4.0,2.0,80.0
X1,140.0,4.0,2015.0,5.0,256.0,16384.0,2048.0,13.0,5.0,4.0,2.0,250.0
Pixi 4 (5),148.0,5.0,2016.0,5.0,32.0,8192.0,1024.0,8.0,5.0,4.0,2.0,60.0
Flash Plus 2,157.0,5.0,2016.0,5.0,256.0,16384.0,2048.0,13.0,5.0,4.0,2.0,140.0
POP 7 LTE,295.0,10.0,2016.0,7.0,32.0,8192.0,1024.0,5.0,2.0,4.0,2.0,130.0
Idol 4s Windows,152.0,5.0,2016.0,5.0,256.0,65536.0,4096.0,21.0,8.0,4.0,1.0,440.0
Idol 4s,149.0,5.0,2016.0,5.0,256.0,32768.0,3072.0,16.0,8.0,4.0,2.0,350.0
Idol 4,135.0,4.0,2016.0,5.0,256.0,16384.0,2048.0,13.0,8.0,4.0,2.0,250.0
Pixi 4 (6) 3G,179.0,6.0,2016.0,6.0,64.0,8192.0,1024.0,13.0,8.0,4.0,2.0,120.0
Pop 3 (5.5),174.0,6.0,2016.0,5.0,256.0,8192.0,1024.0,5.0,2.0,4.0,2.0,120.0
Pop 3 (5),167.0,5.0,2015.0,5.0,32.0,8192.0,1024.0,5.0,5.0,4.0,2.0,110.0
Fierce XL,173.0,10.0,2015.0,5.0,32.0,16384.0,2048.0,8.0,2.0,4.0,2.0,130.0
Flash 2,140.0,4.0,2015.0,5.0,256.0,16384.0,2048.0,13.0,5.0,4.0,2.0,230.0
Flash Plus,147.0,5.0,2015.0,5.0,32.0,16384.0,2048.0,13.0,8.0,4.0,2.0,130.0
Idol 3 (5.5),141.0,4.0,2015.0,5.0,256.0,16384.0,2048.0,13.0,8.0,4.0,2.0,250.0
Idol 3 (4.7),110.0,3.0,2015.0,4.0,256.0,8192.0,1024.0,13.0,5.0,4.0,2.0,200.0
POP 10,380.0,13.0,2015.0,9.0,32.0,8192.0,1024.0,5.0,2.0,4.0,2.0,250.0
POP 8S,327.0,11.0,2014.0,8.0,32.0,8192.0,1024.0,5.0,3.0,4.0,2.0,250.0
Hero 8,310.0,10.0,2014.0,8.0,32.0,8192.0,2048.0,5.0,2.0,4.0,2.0,280.0
Hero 2,175.0,6.0,2014.0,6.0,32.0,16384.0,2048.0,13.0,5.0,4.0,2.0,460.0
Pop S9,182.0,6.0,2014.0,5.0,32.0,8192.0,1024.0,8.0,2.0,4.0,2.0,280.0
Idol 2 S,126.0,4.0,2014.0,5.0,32.0,8192.0,1024.0,8.0,1.0,4.0,2.0,280.0
Idol 2,128.0,4.0,2014.0,5.0,32.0,8192.0,1024.0,8.0,2.0,4.0,2.0,200.0
Idol 2 Mini S,116.0,9.0,2014.0,4.0,32.0,4096.0,1024.0,8.0,2.0,4.0,2.0,200.0
Pop C9,189.0,6.0,2014.0,5.0,32.0,4096.0,1024.0,8.0,2.0,4.0,2.0,140.0
Pop C3,110.0,3.0,2013.0,4.0,32.0,4096.0,512.0,5.0,4033.0,4.0,2.0,80.0
Hero,177.0,6.0,2013.0,6.0,32.0,8192.0,2048.0,13.0,2.0,4.0,2.0,370.0
Idol S,110.0,3.0,2013.0,4.0,32.0,4096.0,1024.0,8.0,1.0,4.0,2.0,160.0
Idol X,130.0,4.0,2013.0,5.0,32.0,8192.0,2048.0,13.0,2.0,4.0,2.0,370.0
One Touch Idol,109.0,3.0,2013.0,4.0,32.0,4096.0,1024.0,8.0,2.0,4.0,2.0,230.0
One Touch Scribe HD-LTE,135.0,4.0,2013.0,5.0,32.0,4096.0,1024.0,8.0,1.0,4.0,2.0,350.0
X4 Soul,167.0,5.0,2017.0,5.0,256.0,65536.0,4096.0,13.0,13.0,4.0,2.0,420.0
X3 Soul Pro,144.0,8.0,2016.0,5.0,256.0,65536.0,4096.0,16.0,8.0,4.0,2.0,450.0
P8 Energy Pro,209.0,7.0,2016.0,6.0,256.0,65536.0,3072.0,13.0,5.0,4.0,3.0,420.0
X3 Soul,147.0,5.0,2016.0,5.0,256.0,32768.0,3072.0,13.0,5.0,4.0,1.0,300.0
X2 Soul Style + Platinum,128.0,4.0,2015.0,5.0,256.0,16384.0,3072.0,13.0,5.0,4.0,2.0,200.0
X2 Soul Style,128.0,4.0,2015.0,5.0,256.0,16384.0,2048.0,13.0,5.0,4.0,2.0,180.0
X2 Soul Lite,137.0,4.0,2015.0,5.0,256.0,16384.0,1024.0,8.0,5.0,4.0,2.0,160.0
V2 Viper X+,155.0,5.0,2015.0,5.0,256.0,16384.0,3072.0,13.0,5.0,4.0,1.0,300.0
V2 Viper X,155.0,5.0,2015.0,5.0,256.0,16384.0,1024.0,13.0,5.0,4.0,1.0,250.0
V2 Viper,143.0,4.0,2015.0,4.0,256.0,16384.0,1024.0,8.0,5.0,4.0,2.0,200.0
V2 Viper i,153.0,5.0,2015.0,5.0,256.0,16384.0,1024.0,5.0,2.0,4.0,2.0,120.0
P8 Energy mini,200.0,5.0,2016.0,5.0,256.0,16384.0,2048.0,8.0,5.0,4.0,2.0,170.0
P6 Pro,154.0,5.0,2015.0,5.0,256.0,8192.0,1024.0,8.0,5.0,4.0,2.0,100.0
P8 Energy,212.0,7.0,2015.0,5.0,128.0,16384.0,2048.0,13.0,5.0,4.0,2.0,300.0
P5 Energy,156.0,5.0,2015.0,4.0,32.0,16384.0,1024.0,5.0,2.0,4.0,2.0,140.0
E4,130.0,4.0,2015.0,5.0,32.0,16384.0,2048.0,13.0,5.0,4.0,2.0,240.0
E3 Living,135.0,4.0,2015.0,4.0,32.0,8192.0,1024.0,8.0,2.0,4.0,2.0,140.0
X2 Xtreme,204.0,7.0,2015.0,6.0,256.0,65536.0,3072.0,24.0,8.0,4.0,2.0,490.0
Twin X2,149.0,5.0,2014.0,5.0,32.0,8192.0,1024.0,8.0,2.0,4.0,2.0,230.0
P7 Seon,146.0,5.0,2014.0,5.0,32.0,8192.0,1024.0,8.0,2.0,4.0,2.0,230.0
Impera S,156.0,5.0,2014.0,5.0,32.0,8192.0,1024.0,8.0,2.0,4.0,2.0,170.0
Impera i,98.0,3.0,2014.0,4.0,32.0,8192.0,1024.0,8.0,2.0,4.0,2.0,160.0
V1 Viper S,143.0,8.0,2014.0,5.0,32.0,16384.0,2048.0,13.0,5.0,4.0,2.0,310.0
Viva H8,374.0,13.0,2013.0,7.0,32.0,8192.0,1024.0,5.0,2.0,4.0,2.0,190.0
P6 Quad Plus,131.0,4.0,2014.0,4.0,32.0,4096.0,1024.0,8.0,1.0,4.0,2.0,220.0
Viper i V1,143.0,4.0,2014.0,4.0,32.0,8192.0,1024.0,8.0,2.0,4.0,2.0,200.0
Viper V1,124.0,4.0,2013.0,4.0,32.0,4096.0,1024.0,8.0,2.0,4.0,2.0,230.0
P5 Qmax,176.0,6.0,2013.0,5.0,32.0,4096.0,1024.0,8.0,1.0,4.0,2.0,230.0
P5 Quad,140.0,4.0,2013.0,4.0,32.0,4096.0,1024.0,8.0,1.0,4.0,2.0,170.0
P6 Stony,131.0,4.0,2012.0,4.0,32.0,4096.0,1024.0,8.0,1.0,3.0,2.0,200.0
Fire HD 10,432.0,15.0,2015.0,10.0,256.0,16384.0,1024.0,5.0,720.0,2.0,2.0,210.0
Fire HD 8,311.0,10.0,2015.0,8.0,256.0,8192.0,1024.0,5.0,720.0,2.0,2.0,130.0
50 Graphite,160.0,5.0,2017.0,5.0,128.0,16384.0,1024.0,13.0,5.0,4.0,2.0,130.0
Diamond 2 Plus,193.0,6.0,2016.0,5.0,256.0,65536.0,4096.0,20.0,8.0,4.0,3.0,250.0
50b Helium 4G,160.0,5.0,2014.0,5.0,256.0,8192.0,1024.0,8.0,2.0,4.0,2.0,150.0
50 Diamond,142.0,1.0,2014.0,5.0,256.0,16384.0,2048.0,16.0,8.0,4.0,2.0,200.0
64 Xenon,232.0,8.0,2014.0,6.0,32.0,4096.0,1024.0,8.0,2.0,3.0,2.0,240.0
50c Oxygen,140.0,4.0,2014.0,5.0,32.0,8192.0,1024.0,8.0,2.0,4.0,2.0,240.0
50 Helium 4G,160.0,5.0,2014.0,5.0,32.0,8192.0,1024.0,8.0,2.0,4.0,2.0,280.0
Zenfone Live ZB501KL,120.0,4.0,2017.0,5.0,256.0,16384.0,2048.0,13.0,5.0,4.0,2.0,150.0
Zenfone 3s Max ZC521TL,175.0,5.0,2017.0,5.0,256.0,32768.0,3072.0,13.0,8.0,4.0,2.0,230.0
Zenpad 3S 10 Z500KL,490.0,8.0,2017.0,9.0,256.0,32768.0,4096.0,8.0,5.0,4.0,2.0,450.0
Zenfone AR ZS571KL,170.0,6.0,2017.0,5.0,256.0,65536.0,6144.0,23.0,8.0,4.0,2.0,800.0
Zenfone 3 Zoom ZE553KL,170.0,6.0,2017.0,5.0,256.0,32768.0,4096.0,12.0,13.0,4.0,2.0,550.0
Zenfone Go ZB690KG,270.0,9.0,2016.0,6.0,256.0,8192.0,1024.0,5.0,2.0,4.0,2.0,120.0
Zenpad 3 8.0 Z581KL,320.0,11.0,2016.0,7.0,256.0,32768.0,4096.0,8.0,2.0,4.0,1.0,390.0
Zenfone Go ZB500KL,150.0,5.0,2016.0,5.0,256.0,16384.0,2048.0,13.0,5.0,4.0,2.0,130.0
Zenfone 3 Max ZC553KL,175.0,6.0,2016.0,5.0,256.0,32768.0,2048.0,16.0,8.0,4.0,2.0,280.0
Zenfone 3 Deluxe 5.5 ZS550KL,151.0,5.0,2016.0,5.0,256.0,65536.0,4096.0,16.0,8.0,4.0,2.0,440.0
Zenpad Z10 ZT500KL,490.0,8.0,2016.0,9.0,256.0,32768.0,3072.0,8.0,5.0,4.0,1.0,360.0
Zenpad 3S 10 Z500M,430.0,15.0,2016.0,9.0,256.0,32768.0,4096.0,8.0,5.0,4.0,2.0,400.0
Zenfone 3 Max ZC520TL,148.0,5.0,2016.0,5.0,32.0,16384.0,2048.0,13.0,5.0,4.0,2.0,230.0
Zenfone 3 Laser ZC551KL,150.0,5.0,2016.0,5.0,256.0,32768.0,2048.0,13.0,8.0,4.0,2.0,270.0
Zenfone 3 ZE520KL,144.0,8.0,2016.0,5.0,256.0,32768.0,3072.0,16.0,8.0,4.0,2.0,360.0
Zenfone 3 Ultra ZU680KL,233.0,8.0,2016.0,6.0,256.0,32768.0,3072.0,23.0,8.0,4.0,2.0,700.0
Zenfone 3 Deluxe ZS570KL,170.0,6.0,2016.0,5.0,256.0,65536.0,4096.0,23.0,8.0,4.0,3.0,690.0
Zenfone 3 ZE552KL,155.0,5.0,2016.0,5.0,256.0,32768.0,3072.0,16.0,8.0,4.0,2.0,450.0
Zenfone Max ZC550KL (2016),202.0,7.0,2016.0,5.0,64.0,32768.0,2048.0,13.0,5.0,4.0,2.0,170.0
Zenfone Go ZB450KL,135.0,4.0,2016.0,4.0,256.0,8192.0,1024.0,8.0,2.0,4.0,2.0,110.0
Zenfone Go ZB452KG,125.0,4.0,2016.0,4.0,64.0,8192.0,1024.0,5.0,2.0,4.0,2.0,90.0
Zenfone Go ZB551KL,160.0,5.0,2016.0,5.0,64.0,16384.0,2048.0,8.0,5.0,4.0,2.0,150.0
Zenfone Go T500,153.0,5.0,2016.0,5.0,32.0,16384.0,2048.0,8.0,5.0,4.0,2.0,110.0
Live G500TG,140.0,4.0,2016.0,5.0,64.0,16384.0,2048.0,8.0,2.0,4.0,2.0,230.0
Zenfone 2 Laser ZE551KL,170.0,6.0,2015.0,5.0,256.0,16384.0,3072.0,13.0,5.0,4.0,2.0,180.0
Zenfone Zoom ZX551ML,185.0,6.0,2015.0,5.0,256.0,32768.0,4096.0,13.0,5.0,4.0,2.0,500.0
Zenpad 10 Z300C,510.0,12.0,2015.0,10.0,64.0,8192.0,2048.0,5.0,2.0,4.0,2.0,160.0
Zenfone Go ZC500TG,135.0,4.0,2015.0,5.0,64.0,8192.0,2048.0,8.0,2.0,4.0,2.0,130.0
Zenfone Max ZC550KL,202.0,7.0,2015.0,5.0,64.0,8192.0,2048.0,13.0,5.0,4.0,2.0,170.0
Zenfone 2 Deluxe ZE551ML,170.0,6.0,2015.0,5.0,256.0,65536.0,4096.0,13.0,5.0,4.0,2.0,500.0
Zenfone 2 Laser ZE601KL,190.0,6.0,2015.0,6.0,256.0,16384.0,2048.0,13.0,5.0,4.0,2.0,300.0
Zenfone 2 Laser ZE600KL,190.0,6.0,2015.0,6.0,256.0,16384.0,2048.0,13.0,5.0,4.0,2.0,360.0
Zenfone 2 Laser ZE550KL,170.0,6.0,2015.0,5.0,256.0,16384.0,2048.0,13.0,5.0,4.0,2.0,220.0
Zenfone 2 Laser ZE500KG,140.0,4.0,2015.0,5.0,256.0,8192.0,2048.0,8.0,5.0,4.0,2.0,200.0
Zenfone 2 Laser ZE500KL,140.0,4.0,2015.0,5.0,256.0,8192.0,2048.0,13.0,5.0,4.0,2.0,210.0
Zenpad 7.0 Z370CG,272.0,9.0,2015.0,7.0,256.0,16384.0,2048.0,8.0,2.0,4.0,2.0,160.0
Zenfone 2E,155.0,5.0,2015.0,5.0,64.0,8192.0,1024.0,8.0,2.0,4.0,2.0,110.0
Pegasus 2 Plus,156.0,5.0,2015.0,5.0,32.0,32768.0,3072.0,13.0,8.0,4.0,2.0,300.0
Zenpad 8.0 Z380KL,350.0,12.0,2015.0,8.0,64.0,8192.0,1024.0,5.0,2.0,4.0,2.0,280.0
Zenfone Selfie ZD551KL,170.0,6.0,2015.0,5.0,256.0,16384.0,2048.0,13.0,13.0,4.0,2.0,280.0
Zenfone 2 ZE500CL,155.0,5.0,2015.0,5.0,64.0,16384.0,2048.0,8.0,2.0,4.0,2.0,180.0
Zenfone 2 ZE550ML,170.0,6.0,2015.0,5.0,256.0,16384.0,2048.0,13.0,5.0,4.0,2.0,250.0
Zenfone 2 ZE551ML,170.0,6.0,2015.0,5.0,256.0,16384.0,2048.0,13.0,5.0,4.0,2.0,370.0
Fonepad 7 FE375CL,299.0,10.0,2015.0,7.0,64.0,8192.0,2048.0,5.0,2.0,4.0,2.0,220.0
Zenfone C ZC451CG,150.0,5.0,2015.0,4.0,64.0,8192.0,1024.0,5.0,2.0,4.0,2.0,90.0
Fonepad 7 FE171CG,280.0,9.0,2015.0,7.0,64.0,8192.0,1024.0,5.0,2.0,4.0,2.0,160.0
Zenfone Zoom ZX550,185.0,6.0,2015.0,5.0,64.0,16384.0,2048.0,13.0,5.0,4.0,2.0,400.0
Pegasus,140.0,4.0,2014.0,5.0,32.0,8192.0,2048.0,8.0,5.0,4.0,2.0,80.0
PadFone X mini,148.0,5.0,2014.0,4.0,64.0,8192.0,1024.0,5.0,2.0,4.0,2.0,160.0
Memo Pad 7 ME572CL,279.0,9.0,2014.0,7.0,64.0,16384.0,2048.0,5.0,2.0,4.0,2.0,240.0
Memo Pad 7 ME572C,269.0,9.0,2014.0,7.0,64.0,16384.0,2048.0,5.0,2.0,4.0,2.0,240.0
Zenfone 5 A500KL,145.0,11.0,2014.0,5.0,64.0,8192.0,1024.0,8.0,2.0,4.0,2.0,210.0
Memo Pad 8 ME181C,320.0,11.0,2014.0,8.0,64.0,16384.0,1024.0,5.0,2.0,4.0,2.0,150.0
Memo Pad 7 ME176C,295.0,10.0,2014.0,7.0,64.0,8192.0,1024.0,5.0,2.0,4.0,2.0,130.0
Fonepad 8 FE380CG,328.0,11.0,2014.0,8.0,64.0,8192.0,1024.0,5.0,2.0,4.0,2.0,200.0
Fonepad 7 FE375CG,299.0,10.0,2014.0,7.0,64.0,8192.0,1024.0,5.0,2.0,4.0,2.0,210.0
Transformer Pad TF303CL,595.0,1.0,2014.0,10.0,64.0,16384.0,2048.0,5.0,1.0,4.0,2.0,400.0
PadFone X,150.0,5.0,2014.0,5.0,64.0,16384.0,2048.0,13.0,2.0,4.0,2.0,320.0
PadFone S,150.0,5.0,2014.0,5.0,64.0,16384.0,2048.0,13.0,2.0,4.0,2.0,250.0
PadFone Infinity Lite,145.0,11.0,2014.0,5.0,64.0,16384.0,2048.0,13.0,2.0,4.0,2.0,510.0
Zenfone 6 A601CG,196.0,6.0,2014.0,6.0,64.0,16384.0,2048.0,13.0,2.0,4.0,2.0,200.0
Zenfone 6 A600CG,196.0,6.0,2014.0,6.0,64.0,16384.0,2048.0,13.0,2.0,4.0,2.0,250.0
Zenfone 5 A501CG,145.0,11.0,2015.0,5.0,64.0,8192.0,2048.0,8.0,2.0,4.0,2.0,120.0
Zenfone 5 A500CG,145.0,11.0,2014.0,5.0,64.0,8192.0,2048.0,8.0,2.0,4.0,2.0,130.0
PadFone mini 4G (Intel),150.0,5.0,2014.0,4.0,64.0,8192.0,1024.0,5.0,2.0,4.0,2.0,300.0
PadFone mini (Intel),116.0,9.0,2014.0,4.0,64.0,8192.0,1024.0,8.0,2.0,4.0,2.0,210.0
PadFone mini,105.0,3.0,2013.0,4.0,64.0,16384.0,1024.0,8.0,2.0,4.0,2.0,290.0
PadFone Infinity 2,145.0,11.0,2013.0,5.0,64.0,16384.0,2048.0,13.0,2.0,4.0,2.0,730.0
Memo Pad 10,522.0,1.0,2013.0,10.0,64.0,8192.0,1024.0,2.0,1.0,3.0,2.0,250.0
Memo Pad 8 ME180A,350.0,12.0,2013.0,8.0,64.0,16384.0,1024.0,5.0,1.0,3.0,2.0,150.0
Fonepad 7,328.0,11.0,2013.0,7.0,32.0,8192.0,1024.0,5.0,1.0,3.0,2.0,220.0
Fonepad Note FHD6,210.0,7.0,2013.0,6.0,64.0,16384.0,2048.0,8.0,1.0,3.0,2.0,350.0
Transformer Pad TF701T,585.0,1.0,2013.0,10.0,64.0,32768.0,2048.0,5.0,1.0,3.0,2.0,400.0
Memo Pad HD7 16 GB,302.0,10.0,2013.0,7.0,32.0,16384.0,1024.0,5.0,1.0,4.0,2.0,130.0
Fonepad,340.0,11.0,2013.0,7.0,32.0,8192.0,1024.0,3.0,1.0,3.0,2.0,260.0
Memo Pad Smart 10,580.0,1.0,2013.0,10.0,32.0,16384.0,1024.0,5.0,1.0,3.0,2.0,230.0
VivoTab RT TF600T,525.0,1.0,2012.0,10.0,64.0,32768.0,2048.0,8.0,2.0,4.0,2.0,420.0
Transformer Pad Infinity 700 LTE,625.0,1.0,2012.0,10.0,32.0,32768.0,1024.0,8.0,2.0,3.0,2.0,430.0
Transformer Pad Infinity 700 3G,598.0,1.0,2012.0,10.0,32.0,32768.0,1024.0,8.0,2.0,3.0,2.0,430.0
Transformer Pad TF300T,635.0,1.0,2012.0,10.0,32.0,16384.0,1024.0,8.0,1.0,3.0,2.0,290.0
Transformer Pad Infinity 700,598.0,1.0,2012.0,10.0,32.0,32768.0,1024.0,8.0,2.0,3.0,2.0,340.0
Transformer Prime TF700T,598.0,1.0,2012.0,10.0,32.0,32768.0,1024.0,8.0,2.0,3.0,2.0,400.0
Transformer TF101,680.0,1.0,2011.0,10.0,32.0,16384.0,1024.0,5.0,1.0,2.0,2.0,280.0
F5,135.0,4.0,2014.0,5.0,64.0,16384.0,2048.0,13.0,2.0,4.0,2.0,100.0
Aurora,178.0,6.0,2017.0,5.0,256.0,32768.0,4096.0,13.0,8.0,4.0,2.0,250.0
KEYone,180.0,6.0,2017.0,4.0,256.0,32768.0,3072.0,12.0,8.0,4.0,3.0,600.0
DTEK60,165.0,5.0,2016.0,5.0,256.0,32768.0,4096.0,21.0,8.0,4.0,2.0,530.0
DTEK50,135.0,4.0,2016.0,5.0,256.0,16384.0,3072.0,13.0,8.0,4.0,2.0,270.0
Priv,192.0,6.0,2015.0,5.0,256.0,32768.0,3072.0,18.0,2.0,4.0,2.0,450.0
Leap,170.0,6.0,2015.0,5.0,256.0,16384.0,2048.0,8.0,2.0,4.0,2.0,170.0
Porsche Design P'9983,140.0,4.0,2014.0,3.0,256.0,65536.0,2048.0,8.0,2.0,4.0,2.0,590.0
Passport,196.0,6.0,2014.0,4.0,256.0,32768.0,3072.0,13.0,2.0,4.0,2.0,310.0
Classic,177.0,6.0,2014.0,3.0,256.0,16384.0,2048.0,8.0,2.0,4.0,2.0,290.0
Z3,164.0,5.0,2014.0,5.0,32.0,8192.0,1024.0,5.0,1.0,4.0,2.0,110.0
Porsche Design P'9982,140.0,4.0,2013.0,4.0,64.0,65536.0,2048.0,8.0,2.0,4.0,2.0,390.0
Z30,170.0,6.0,2013.0,5.0,64.0,16384.0,2048.0,8.0,2.0,4.0,2.0,180.0
Q5,120.0,4.0,2013.0,3.0,32.0,8192.0,2048.0,5.0,2.0,4.0,2.0,150.0
Z10,137.0,4.0,2013.0,4.0,64.0,16384.0,2048.0,8.0,2.0,4.0,2.0,230.0
Q10,139.0,4.0,2013.0,3.0,64.0,16384.0,2048.0,8.0,2.0,4.0,2.0,170.0
Life One X2 Mini,152.0,5.0,2017.0,5.0,64.0,65536.0,4096.0,13.0,8.0,4.0,2.0,170.0
Studio M HD,150.0,5.0,2016.0,5.0,64.0,16384.0,1024.0,8.0,2.0,4.0,2.0,80.0
Pure XL,207.0,7.0,2015.0,6.0,64.0,65536.0,3072.0,24.0,8.0,4.0,2.0,310.0
Studio XL,177.0,6.0,2015.0,6.0,64.0,8192.0,1024.0,8.0,2.0,4.0,2.0,110.0
Studio Energy,180.0,6.0,2015.0,5.0,64.0,8192.0,1024.0,8.0,2.0,4.0,2.0,140.0
Studio X,154.0,5.0,2015.0,5.0,64.0,8192.0,1024.0,8.0,2.0,4.0,2.0,120.0
Studio 6.0 LTE,177.0,6.0,2014.0,6.0,64.0,16384.0,2048.0,13.0,5.0,3.0,2.0,210.0
Studio 5.0 HD LTE,164.0,5.0,2014.0,5.0,64.0,8192.0,1024.0,13.0,5.0,3.0,2.0,150.0
Studio 7.0,299.0,10.0,2014.0,7.0,64.0,8192.0,1024.0,5.0,2.0,3.0,2.0,130.0
Win HD,139.0,4.0,2014.0,5.0,32.0,8192.0,1024.0,8.0,2.0,3.0,2.0,150.0
Studio 5.0 C HD,166.0,5.0,2014.0,5.0,64.0,4096.0,1024.0,8.0,2.0,3.0,2.0,110.0
Life 8,136.0,4.0,2014.0,5.0,32.0,8192.0,1024.0,8.0,2.0,4.0,2.0,150.0
Studio 6.0 HD,206.0,7.0,2014.0,6.0,32.0,4096.0,1024.0,8.0,2.0,4.0,2.0,180.0
Studio 5.0 S II,155.0,5.0,2014.0,5.0,64.0,4096.0,1024.0,8.0,2.0,3.0,2.0,120.0
Studio 5.5 S,166.0,5.0,2014.0,5.0,64.0,4096.0,1024.0,8.0,2.0,3.0,2.0,130.0
Life View Tab,404.0,14.0,2014.0,8.0,64.0,8192.0,1024.0,5.0,5.0,4.0,2.0,360.0
Life Play S,109.0,3.0,2014.0,4.0,64.0,4096.0,1024.0,8.0,5.0,4.0,2.0,130.0
Life One M,144.0,8.0,2014.0,5.0,64.0,4096.0,1024.0,12.0,2.0,4.0,2.0,140.0
Life Play X,125.0,4.0,2013.0,4.0,32.0,16384.0,1024.0,8.0,2.0,4.0,2.0,200.0
Studio 5.3 S,190.0,6.0,2013.0,5.0,32.0,4096.0,1024.0,8.0,2.0,3.0,2.0,130.0
Studio 5.0 S,170.0,6.0,2013.0,5.0,32.0,4096.0,1024.0,8.0,2.0,3.0,2.0,130.0
Life One,145.0,11.0,2013.0,5.0,32.0,16384.0,1024.0,13.0,5.0,4.0,2.0,230.0
Life Play,125.0,4.0,2013.0,4.0,32.0,4096.0,1024.0,8.0,2.0,4.0,2.0,180.0
Studio 5.3 II,210.0,7.0,2013.0,5.0,32.0,4096.0,512.0,8.0,2.0,3.0,2.0,160.0
Quattro 5.7 HD,243.0,8.0,2013.0,5.0,32.0,4096.0,1024.0,8.0,1.0,4.0,2.0,220.0
Vivo 4.65 HD,130.0,4.0,2012.0,4.0,32.0,4096.0,1024.0,8.0,1.0,3.0,2.0,210.0
Vivo 4.3,120.0,4.0,2012.0,4.0,32.0,4096.0,512.0,8.0,1.0,3.0,2.0,170.0
Aquaris X Pro,158.0,5.0,2017.0,5.0,256.0,65536.0,4096.0,12.0,8.0,4.0,2.0,370.0
Aquaris X,153.0,5.0,2017.0,5.0,256.0,32768.0,3072.0,16.0,8.0,4.0,2.0,290.0
Aquaris U Lite,140.0,4.0,2016.0,5.0,256.0,16384.0,2048.0,8.0,5.0,4.0,2.0,160.0
Aquaris U,140.0,4.0,2016.0,5.0,256.0,16384.0,2048.0,13.0,5.0,4.0,2.0,190.0
Aquaris U Plus,139.0,4.0,2016.0,5.0,256.0,16384.0,2048.0,16.0,5.0,4.0,2.0,220.0
Aquaris X5 Plus,145.0,11.0,2016.0,5.0,256.0,16384.0,2048.0,16.0,8.0,4.0,2.0,300.0
Aquaris X5,148.0,5.0,2015.0,5.0,32.0,16384.0,2048.0,13.0,5.0,4.0,2.0,230.0
Aquaris M5,144.0,8.0,2015.0,5.0,64.0,16384.0,2048.0,13.0,5.0,4.0,2.0,260.0
Aquaris M5.5,162.0,5.0,2015.0,5.0,64.0,16384.0,2048.0,13.0,5.0,4.0,2.0,300.0
Aquaris M4.5,115.0,6.0,2015.0,4.0,64.0,8192.0,1024.0,8.0,5.0,4.0,2.0,180.0
Aquaris M10,470.0,4.0,2015.0,10.0,64.0,16384.0,2048.0,5.0,2.0,4.0,2.0,230.0
G'zOne CA-201L,173.0,10.0,2013.0,4.0,32.0,16384.0,1024.0,8.0,1.0,4.0,2.0,270.0
S30,181.0,6.0,2015.0,4.0,64.0,8192.0,1024.0,5.0,2.0,4.0,2.0,340.0
S40,185.0,6.0,2015.0,4.0,64.0,16384.0,1024.0,8.0,2.0,4.0,2.0,440.0
Q500 Millennium Ultra,149.0,5.0,2014.0,5.0,32.0,16384.0,2048.0,8.0,2.0,4.0,2.0,120.0
A119 Signature HD,177.0,6.0,2013.0,5.0,32.0,4096.0,1024.0,12.0,3.0,4.0,2.0,200.0
Note 5 Lite,148.0,5.0,2017.0,5.0,64.0,16384.0,3072.0,13.0,8.0,4.0,2.0,120.0
Conjr,148.0,5.0,2017.0,5.0,32.0,16384.0,3072.0,13.0,8.0,4.0,2.0,210.0
Mega 3,170.0,6.0,2016.0,5.0,32.0,16384.0,2048.0,8.0,8.0,4.0,2.0,110.0
Note 5,173.0,10.0,2016.0,5.0,128.0,32768.0,4096.0,13.0,8.0,4.0,2.0,180.0
Modena 2,143.0,4.0,2016.0,5.0,32.0,16384.0,2048.0,8.0,8.0,4.0,2.0,180.0
Mega,143.0,4.0,2016.0,5.0,32.0,16384.0,3072.0,8.0,8.0,4.0,2.0,80.0
Torino,163.0,5.0,2016.0,5.0,32.0,16384.0,3072.0,13.0,5.0,4.0,2.0,200.0
Note 3 Plus,168.0,5.0,2016.0,5.0,64.0,16384.0,3072.0,13.0,5.0,4.0,2.0,120.0
Max,170.0,6.0,2016.0,5.0,64.0,65536.0,4096.0,13.0,5.0,4.0,2.0,380.0
Porto S,125.0,4.0,2016.0,5.0,64.0,8192.0,1024.0,8.0,2.0,4.0,2.0,130.0
Torino S,120.0,4.0,2016.0,4.0,32.0,16384.0,2048.0,8.0,5.0,4.0,2.0,180.0
Note 3 Lite,142.0,1.0,2016.0,5.0,32.0,16384.0,3072.0,13.0,5.0,4.0,2.0,110.0
Modena,158.0,5.0,2015.0,5.0,32.0,8192.0,1024.0,8.0,2.0,4.0,2.0,160.0
Porto,119.0,4.0,2015.0,4.0,32.0,8192.0,1024.0,8.0,5.0,4.0,2.0,150.0
Venue 10 7000,597.0,1.0,2015.0,10.0,512.0,32768.0,2048.0,8.0,2.0,4.0,2.0,460.0
Venue 8 7000,305.0,10.0,2014.0,8.0,512.0,16384.0,2048.0,8.0,2.0,4.0,2.0,250.0
Venue 8,292.0,10.0,2013.0,8.0,32.0,16384.0,2048.0,5.0,2.0,4.0,2.0,130.0
Streak Pro D43,145.0,11.0,2011.0,4.0,32.0,8192.0,1024.0,8.0,1.0,2.0,2.0,450.0
Streak 10 Pro,727.0,1.0,2011.0,10.0,32.0,16384.0,1024.0,5.0,2.0,2.0,2.0,280.0
GSmart Classic Lite,145.0,11.0,2015.0,5.0,32.0,8192.0,512.0,5.0,2.0,1.0,2.0,80.0
GSmart Essence,125.0,4.0,2015.0,4.0,32.0,8192.0,512.0,5.0,2.0,2.0,2.0,70.0
GSmart Classic,150.0,5.0,2015.0,5.0,32.0,8192.0,1024.0,8.0,5.0,2.0,2.0,100.0
GSmart Mika M2,150.0,5.0,2014.0,5.0,32.0,8192.0,1024.0,13.0,5.0,4.0,2.0,190.0
GSmart Maya M1 v2,147.0,5.0,2013.0,4.0,32.0,4096.0,1024.0,8.0,2.0,3.0,2.0,200.0
GSmart Sierra S1,168.0,5.0,2013.0,5.0,32.0,4096.0,1024.0,13.0,2.0,3.0,2.0,220.0
GSmart Simba SX1,165.0,5.0,2013.0,5.0,32.0,4096.0,1024.0,13.0,2.0,3.0,2.0,260.0
GSmart Maya M1,150.0,5.0,2013.0,4.0,32.0,4096.0,1024.0,8.0,2.0,3.0,2.0,220.0
S10,178.0,6.0,2017.0,5.0,256.0,65536.0,4096.0,16.0,20.0,4.0,2.0,380.0
M6s Plus,215.0,7.0,2017.0,6.0,256.0,65536.0,6144.0,12.0,8.0,4.0,2.0,460.0
A1 Plus,226.0,7.0,2017.0,6.0,256.0,65536.0,4096.0,13.0,20.0,4.0,1.0,370.0
A1,182.0,6.0,2017.0,5.0,256.0,65536.0,4096.0,13.0,16.0,4.0,2.0,280.0
F5,162.0,5.0,2017.0,5.0,256.0,32768.0,4096.0,13.0,8.0,4.0,2.0,250.0
Steel 2,160.0,5.0,2016.0,5.0,256.0,16384.0,3072.0,8.0,5.0,4.0,2.0,210.0
S9,168.0,5.0,2016.0,5.0,256.0,65536.0,4096.0,13.0,13.0,4.0,2.0,370.0
S6s,166.0,5.0,2016.0,5.0,256.0,32768.0,3072.0,13.0,8.0,4.0,2.0,280.0
S6 Pro,170.0,6.0,2016.0,5.0,256.0,65536.0,4096.0,13.0,8.0,4.0,2.0,390.0
W909,207.0,7.0,2016.0,4.0,256.0,65536.0,4096.0,16.0,5.0,4.0,1.0,550.0
S8,147.0,5.0,2016.0,5.0,256.0,65536.0,4096.0,16.0,8.0,4.0,2.0,450.0
Marathon M5 enjoy,200.0,5.0,2015.0,5.0,256.0,16384.0,3072.0,8.0,5.0,4.0,2.0,340.0
Marathon M5 Plus,208.0,7.0,2015.0,6.0,256.0,65536.0,3072.0,13.0,5.0,4.0,1.0,420.0
Marathon M5 lite,183.0,6.0,2015.0,5.0,256.0,32768.0,3072.0,8.0,5.0,4.0,2.0,170.0
Pioneer P5W,153.0,5.0,2015.0,5.0,32.0,16384.0,1024.0,5.0,2.0,4.0,2.0,90.0
S6,147.0,5.0,2015.0,5.0,256.0,32768.0,3072.0,13.0,5.0,4.0,2.0,290.0
F103,136.0,4.0,2015.0,5.0,32.0,16384.0,2048.0,8.0,5.0,2.0,2.0,130.0
Elife E8,210.0,7.0,2015.0,6.0,256.0,65536.0,3072.0,24.0,8.0,4.0,2.0,480.0
Marathon M4,176.0,6.0,2015.0,5.0,32.0,16384.0,2048.0,8.0,5.0,2.0,2.0,220.0
Marathon M5,211.0,7.0,2015.0,5.0,256.0,32768.0,3072.0,13.0,5.0,4.0,2.0,330.0
Marathon M3,180.0,6.0,2014.0,5.0,256.0,8192.0,1024.0,8.0,2.0,4.0,2.0,170.0
Pioneer P6,150.0,5.0,2015.0,5.0,32.0,8192.0,1024.0,5.0,2.0,4.0,2.0,120.0
Elite x3,195.0,6.0,2016.0,5.0,256.0,65536.0,4096.0,16.0,8.0,4.0,3.0,700.0
Pro Slate 12,850.0,1.0,2015.0,12.0,32.0,32768.0,2048.0,8.0,2.0,4.0,2.0,490.0
Pro Slate 10 EE G1,855.0,1.0,2015.0,10.0,32.0,16384.0,1024.0,5.0,2.0,4.0,2.0,240.0
Pro Slate 8,350.0,12.0,2015.0,7.0,32.0,16384.0,2048.0,8.0,2.0,4.0,2.0,390.0
Slate6 VoiceTab II,160.0,5.0,2014.0,6.0,64.0,16384.0,1024.0,8.0,2.0,3.0,2.0,200.0
Slate7 VoiceTab Ultra,239.0,8.0,2014.0,7.0,32.0,16384.0,2048.0,13.0,5.0,4.0,2.0,400.0
Slate7 VoiceTab,325.0,11.0,2014.0,7.0,32.0,16384.0,1024.0,5.0,2.0,3.0,2.0,180.0
Slate6 VoiceTab,160.0,5.0,2014.0,6.0,64.0,16384.0,1024.0,5.0,2.0,3.0,2.0,270.0
Slate8 Pro,453.0,1.0,2013.0,8.0,32.0,16384.0,1024.0,8.0,720.0,4.0,2.0,240.0
Slate10 HD,626.0,1.0,2013.0,10.0,32.0,16384.0,1024.0,5.0,2.0,3.0,2.0,220.0
U11,169.0,5.0,2017.0,5.0,256.0,65536.0,4096.0,12.0,16.0,4.0,3.0,750.0
One X10,175.0,6.0,2017.0,5.0,256.0,32768.0,3072.0,16.0,8.0,4.0,2.0,330.0
U Ultra,170.0,6.0,2017.0,5.0,256.0,65536.0,4096.0,12.0,16.0,4.0,3.0,750.0
U Play,145.0,11.0,2017.0,5.0,256.0,32768.0,3072.0,16.0,16.0,4.0,2.0,470.0
10 evo,174.0,6.0,2016.0,5.0,256.0,32768.0,3072.0,16.0,8.0,4.0,2.0,570.0
Desire 650,140.0,4.0,2016.0,5.0,256.0,16384.0,2048.0,13.0,5.0,4.0,2.0,200.0
Desire 10 Pro,165.0,5.0,2016.0,5.0,256.0,65536.0,4096.0,20.0,13.0,4.0,2.0,460.0
Desire 10 Lifestyle,155.0,5.0,2016.0,5.0,256.0,32768.0,3072.0,13.0,5.0,4.0,2.0,260.0
One A9s,149.0,5.0,2016.0,5.0,256.0,16384.0,2048.0,13.0,5.0,4.0,2.0,350.0
Desire 728 Ultra,153.0,5.0,2016.0,5.0,256.0,32768.0,3072.0,13.0,5.0,4.0,2.0,220.0
Desire 628,142.0,1.0,2016.0,5.0,256.0,32768.0,3072.0,13.0,5.0,4.0,2.0,200.0
One M9 Prime Camera,158.0,5.0,2016.0,5.0,256.0,16384.0,2048.0,13.0,4.0,4.0,2.0,390.0
Desire 830,156.0,5.0,2016.0,5.0,256.0,32768.0,3072.0,13.0,4.0,4.0,2.0,280.0
One S9,158.0,5.0,2016.0,5.0,256.0,16384.0,2048.0,13.0,4.0,4.0,2.0,270.0
10 Lifestyle,161.0,5.0,2016.0,5.0,256.0,32768.0,3072.0,12.0,5.0,4.0,2.0,420.0
10,161.0,5.0,2016.0,5.0,256.0,32768.0,4096.0,12.0,5.0,4.0,3.0,500.0
Desire 825,155.0,5.0,2016.0,5.0,256.0,16384.0,2048.0,13.0,5.0,4.0,2.0,240.0
Desire 630,140.0,4.0,2016.0,5.0,256.0,16384.0,2048.0,13.0,5.0,4.0,2.0,190.0
Desire 530,140.0,4.0,2016.0,5.0,256.0,16384.0,1024.0,8.0,5.0,4.0,2.0,170.0
Desire 625,140.0,4.0,2016.0,5.0,256.0,8192.0,1024.0,5.0,1.0,4.0,2.0,70.0
One X9,170.0,6.0,2015.0,5.0,256.0,32768.0,3072.0,13.0,5.0,4.0,2.0,300.0
One M9s,158.0,5.0,2015.0,5.0,256.0,16384.0,2048.0,13.0,4.0,4.0,2.0,270.0
Desire 728 dual sim,153.0,5.0,2015.0,5.0,256.0,16384.0,2048.0,13.0,5.0,4.0,2.0,240.0
One E9s dual sim,165.0,5.0,2015.0,5.0,256.0,16384.0,2048.0,13.0,4.0,4.0,2.0,310.0
Butterfly 3,161.0,5.0,2015.0,5.0,256.0,32768.0,3072.0,20.0,13.0,4.0,2.0,300.0
One A9,143.0,4.0,2015.0,5.0,256.0,16384.0,2048.0,13.0,4.0,4.0,2.0,300.0
One M9+ Supreme Camera,168.0,5.0,2015.0,5.0,256.0,32768.0,3072.0,21.0,4.0,4.0,2.0,480.0
Desire 626s,138.0,4.0,2015.0,5.0,256.0,8192.0,1024.0,8.0,2.0,4.0,2.0,190.0
Desire 526,156.0,5.0,2015.0,4.0,256.0,8192.0,1024.0,8.0,2.0,4.0,2.0,110.0
One ME,155.0,5.0,2015.0,5.0,256.0,32768.0,3072.0,20.0,4.0,4.0,2.0,340.0
Desire 820G+ dual sim,154.0,5.0,2015.0,5.0,32.0,16384.0,1024.0,13.0,8.0,4.0,2.0,180.0
Desire 326G dual sim,146.0,5.0,2015.0,4.0,32.0,8192.0,1024.0,8.0,2.0,4.0,2.0,130.0
One M9+,168.0,5.0,2015.0,5.0,256.0,32768.0,3072.0,20.0,4.0,4.0,2.0,500.0
One M8s,160.0,5.0,2015.0,5.0,256.0,16384.0,2048.0,13.0,5.0,4.0,2.0,330.0
One E9+,150.0,5.0,2015.0,5.0,256.0,32768.0,3072.0,20.0,13.0,4.0,2.0,320.0
One E9,147.0,5.0,2015.0,5.0,256.0,16384.0,2048.0,13.0,4.0,4.0,2.0,320.0
One M9,157.0,5.0,2015.0,5.0,256.0,32768.0,3072.0,20.0,4.0,4.0,2.0,420.0
Desire 820s dual sim,155.0,5.0,2015.0,5.0,32.0,16384.0,2048.0,13.0,8.0,4.0,2.0,370.0
Desire 626G+,138.0,4.0,2015.0,5.0,32.0,8192.0,1024.0,13.0,5.0,4.0,2.0,250.0
Desire 626,140.0,4.0,2014.0,5.0,32.0,16384.0,1024.0,13.0,5.0,4.0,2.0,180.0
Desire 526G+ dual sim,154.0,5.0,2015.0,4.0,32.0,8192.0,1024.0,8.0,2.0,4.0,2.0,160.0
Desire 826 dual sim,183.0,6.0,2015.0,5.0,256.0,16384.0,2048.0,13.0,4.0,4.0,2.0,200.0
Desire 620G dual sim,160.0,5.0,2014.0,5.0,32.0,8192.0,1024.0,8.0,5.0,4.0,2.0,190.0
Desire 620,160.0,5.0,2014.0,5.0,256.0,8192.0,1024.0,8.0,5.0,4.0,2.0,180.0
Desire 816G dual sim,158.0,5.0,2014.0,5.0,32.0,8192.0,16384.0,13.0,5.0,4.0,2.0,260.0
One (M8 Eye),160.0,5.0,2014.0,5.0,256.0,16384.0,2048.0,13.0,5.0,4.0,2.0,260.0
Desire Eye,154.0,5.0,2014.0,5.0,256.0,16384.0,2048.0,13.0,13.0,4.0,2.0,380.0
Desire 612,146.0,5.0,2014.0,4.0,256.0,8192.0,1024.0,8.0,1.0,4.0,2.0,240.0
Desire 820q dual sim,155.0,5.0,2014.0,5.0,256.0,16384.0,1024.0,13.0,8.0,4.0,2.0,260.0
Desire 820 dual sim,155.0,5.0,2014.0,5.0,256.0,16384.0,2048.0,13.0,8.0,4.0,2.0,320.0
Desire 820,155.0,5.0,2014.0,5.0,256.0,16384.0,2048.0,13.0,8.0,4.0,2.0,340.0
One (E8) CDMA,164.0,5.0,2014.0,5.0,256.0,16384.0,2048.0,13.0,5.0,4.0,2.0,350.0
Desire 510,158.0,5.0,2014.0,4.0,256.0,8192.0,1024.0,5.0,1.0,4.0,2.0,200.0
One (M8) for Windows,160.0,5.0,2014.0,5.0,256.0,32768.0,2048.0,4.0,5.0,4.0,2.0,300.0
One (M8) for Windows (CDMA),160.0,5.0,2014.0,5.0,256.0,32768.0,2048.0,4.0,5.0,4.0,2.0,300.0
Butterfly 2,151.0,5.0,2014.0,5.0,256.0,16384.0,2048.0,13.0,5.0,4.0,2.0,250.0
One Remix,137.0,4.0,2014.0,4.0,256.0,16384.0,1024.0,13.0,5.0,4.0,2.0,280.0
One (M8) dual sim,160.0,5.0,2014.0,5.0,256.0,16384.0,2048.0,4.0,5.0,4.0,2.0,300.0
Desire 516 dual sim,160.0,5.0,2014.0,5.0,32.0,4096.0,1024.0,5.0,2.0,4.0,2.0,160.0
One (E8),145.0,11.0,2014.0,5.0,256.0,16384.0,2048.0,13.0,5.0,4.0,2.0,420.0
One mini 2,137.0,4.0,2014.0,4.0,256.0,16384.0,1024.0,13.0,5.0,4.0,2.0,250.0
Desire 616 dual sim,150.0,5.0,2014.0,5.0,32.0,4096.0,1024.0,8.0,2.0,4.0,2.0,180.0
One (M8) CDMA,160.0,5.0,2014.0,5.0,256.0,32768.0,2048.0,4.0,5.0,4.0,2.0,250.0
One (M8),160.0,5.0,2014.0,5.0,256.0,16384.0,2048.0,4.0,5.0,4.0,2.0,250.0
Desire 310 dual sim,140.0,4.0,2014.0,4.0,32.0,4096.0,512.0,5.0,480.0,4.0,2.0,140.0
Desire 310,140.0,4.0,2014.0,4.0,32.0,4096.0,512.0,5.0,480.0,4.0,2.0,150.0
Desire 816 dual sim,165.0,5.0,2014.0,5.0,256.0,8192.0,1024.0,13.0,5.0,4.0,2.0,250.0
Desire 816,165.0,5.0,2014.0,5.0,256.0,8192.0,1024.0,13.0,5.0,4.0,2.0,250.0
Desire 610,143.0,4.0,2014.0,4.0,256.0,8192.0,1024.0,8.0,1.0,4.0,2.0,200.0
Desire 501 dual sim,130.0,4.0,2013.0,4.0,64.0,8192.0,1024.0,8.0,2.0,4.0,2.0,190.0
Desire 700,149.0,5.0,2014.0,5.0,64.0,8192.0,1024.0,8.0,2.0,4.0,2.0,220.0
Desire 700 dual sim,149.0,5.0,2013.0,5.0,64.0,8192.0,1024.0,8.0,2.0,4.0,2.0,250.0
Desire 501,130.0,4.0,2013.0,4.0,32.0,8192.0,1024.0,8.0,2.0,4.0,2.0,240.0
One Max,217.0,7.0,2013.0,5.0,64.0,16384.0,2048.0,4.0,2.0,4.0,2.0,370.0
Desire 500,123.0,4.0,2013.0,4.0,64.0,4096.0,1024.0,8.0,1.0,4.0,2.0,180.0
8XT,120.0,4.0,2013.0,4.0,64.0,8192.0,1024.0,8.0,1.0,4.0,2.0,170.0
Butterfly S,160.0,5.0,2013.0,5.0,64.0,16384.0,2048.0,4.0,2.0,4.0,2.0,300.0
Desire 600 dual sim,130.0,4.0,2013.0,4.0,64.0,8192.0,1024.0,8.0,1.0,4.0,2.0,290.0
One Dual Sim,156.0,5.0,2013.0,4.0,64.0,32768.0,2048.0,4.0,2.0,4.0,2.0,300.0
Butterfly,140.0,4.0,2012.0,5.0,32.0,16384.0,2048.0,8.0,2.0,4.0,2.0,330.0
One SV CDMA,122.0,4.0,2012.0,4.0,32.0,8192.0,1024.0,5.0,1.0,4.0,2.0,180.0
One SV,122.0,4.0,2012.0,4.0,32.0,8192.0,1024.0,5.0,1.0,4.0,2.0,200.0
J,137.0,4.0,2012.0,4.0,32.0,16384.0,1024.0,8.0,1.0,4.0,2.0,220.0
DROID Incredible 4G LTE,132.0,4.0,2012.0,4.0,32.0,8192.0,1024.0,8.0,1.0,4.0,2.0,270.0
Evo 4G LTE,134.0,4.0,2012.0,4.0,32.0,16384.0,1024.0,8.0,1.0,4.0,2.0,180.0
Velocity 4G Vodafone,163.0,5.0,2012.0,4.0,32.0,16384.0,1024.0,8.0,1.0,3.0,2.0,160.0
Velocity 4G,163.0,5.0,2012.0,4.0,32.0,16384.0,1024.0,8.0,1.0,3.0,2.0,200.0
Rezound,170.0,6.0,2011.0,4.0,32.0,16384.0,1024.0,8.0,2.0,3.0,2.0,160.0
Vivid,176.0,6.0,2011.0,4.0,32.0,16384.0,1024.0,8.0,1.0,3.0,2.0,160.0
EVO Design 4G,147.0,5.0,2011.0,4.0,32.0,4096.0,768.0,5.0,1.0,3.0,2.0,140.0
Amaze 4G,172.0,7.0,2011.0,4.0,32.0,16384.0,1024.0,8.0,2.0,3.0,2.0,180.0
Raider 4G,177.0,6.0,2011.0,4.0,32.0,16384.0,1024.0,8.0,1.0,3.0,2.0,230.0
Hero S,130.0,4.0,2011.0,4.0,32.0,4096.0,768.0,5.0,1.0,3.0,2.0,160.0
Jetstream,709.0,1.0,2011.0,10.0,32.0,32768.0,1024.0,8.0,1.0,3.0,2.0,280.0
DROID Incredible 2,135.0,4.0,2011.0,4.0,32.0,1024.0,768.0,8.0,1.0,2.0,2.0,100.0
EVO 3D,170.0,6.0,2011.0,4.0,32.0,1024.0,1024.0,5.0,1.0,3.0,2.0,150.0
EVO 3D CDMA,170.0,6.0,2011.0,4.0,32.0,4096.0,1024.0,5.0,1.0,3.0,2.0,220.0
Incredible S,135.0,4.0,2011.0,4.0,32.0,1024.0,768.0,8.0,1.0,2.0,2.0,190.0
Flyer,420.0,14.0,2011.0,7.0,32.0,16384.0,1024.0,5.0,1.0,3.0,2.0,300.0
Flyer Wi-Fi,420.0,14.0,2011.0,7.0,32.0,16384.0,1024.0,5.0,1.0,3.0,2.0,110.0
EVO View 4G,425.0,14.0,2011.0,7.0,32.0,32768.0,1024.0,5.0,1.0,3.0,2.0,220.0
ThunderBolt 4G,164.0,5.0,2011.0,4.0,32.0,4096.0,768.0,8.0,1.0,2.0,2.0,230.0
Evo 4G+,160.0,5.0,2011.0,4.0,32.0,4096.0,1024.0,8.0,1.0,3.0,2.0,150.0
Evo 4G,170.0,6.0,2010.0,4.0,32.0,1024.0,512.0,8.0,1.0,2.0,2.0,90.0
Honor 9,155.0,5.0,2017.0,5.0,256.0,65536.0,4096.0,20.0,8.0,4.0,1.0,500.0
Y7 Prime,165.0,5.0,2017.0,5.0,256.0,32768.0,3072.0,12.0,8.0,4.0,2.0,250.0
MediaPad M3 Lite 8,310.0,10.0,2017.0,8.0,256.0,32768.0,3072.0,8.0,8.0,4.0,2.0,300.0
nova 2 plus,169.0,5.0,2017.0,5.0,256.0,131072.0,4096.0,12.0,20.0,4.0,2.0,380.0
nova 2,143.0,4.0,2017.0,5.0,256.0,65536.0,4096.0,12.0,20.0,4.0,2.0,330.0
Y7,165.0,5.0,2017.0,5.0,256.0,16384.0,2048.0,12.0,8.0,4.0,2.0,250.0
Honor 6A,143.0,4.0,2017.0,5.0,256.0,16384.0,2048.0,13.0,5.0,4.0,2.0,150.0
Y6 (2017),150.0,5.0,2017.0,5.0,128.0,16384.0,2048.0,13.0,5.0,4.0,2.0,150.0
Y5 (2017),150.0,5.0,2017.0,5.0,128.0,16384.0,2048.0,8.0,5.0,4.0,2.0,160.0
Honor 8 Pro,184.0,6.0,2017.0,5.0,256.0,65536.0,4096.0,12.0,8.0,4.0,2.0,550.0
P10 Plus,165.0,5.0,2017.0,5.0,256.0,65536.0,4096.0,20.0,8.0,4.0,2.0,700.0
P10,145.0,11.0,2017.0,5.0,256.0,32768.0,4096.0,20.0,8.0,4.0,2.0,600.0
P10 Lite,146.0,5.0,2017.0,5.0,256.0,32768.0,3072.0,12.0,8.0,4.0,2.0,280.0
P8 Lite (2017),147.0,5.0,2017.0,5.0,256.0,16384.0,3072.0,12.0,8.0,4.0,2.0,200.0
Enjoy 6s,138.0,4.0,2016.0,5.0,256.0,16384.0,2048.0,13.0,5.0,4.0,2.0,250.0
Mate 9,190.0,6.0,2016.0,5.0,256.0,65536.0,4096.0,20.0,8.0,4.0,2.0,630.0
Honor V8,170.0,6.0,2016.0,5.0,256.0,32768.0,4096.0,12.0,8.0,4.0,1.0,450.0
Enjoy 6,145.0,11.0,2016.0,5.0,256.0,16384.0,3072.0,13.0,5.0,4.0,2.0,200.0
Honor Pad 2,340.0,11.0,2016.0,8.0,256.0,16384.0,3072.0,8.0,2.0,4.0,2.0,230.0
Honor 6X,162.0,5.0,2016.0,5.0,256.0,32768.0,3072.0,12.0,8.0,4.0,2.0,210.0
Honor Holly 3,168.0,5.0,2016.0,5.0,128.0,16384.0,2048.0,13.0,8.0,4.0,2.0,140.0
nova plus,160.0,5.0,2016.0,5.0,256.0,32768.0,3072.0,16.0,8.0,4.0,1.0,420.0
nova,146.0,5.0,2016.0,5.0,256.0,32768.0,3072.0,12.0,8.0,4.0,1.0,300.0
MediaPad T2 10.0 Pro,495.0,9.0,2016.0,10.0,256.0,16384.0,2048.0,8.0,2.0,4.0,2.0,240.0
G9 Plus,160.0,5.0,2016.0,5.0,256.0,32768.0,3072.0,16.0,8.0,4.0,1.0,280.0
Honor Note 8,219.0,7.0,2016.0,6.0,256.0,32768.0,4096.0,13.0,5.0,4.0,1.0,440.0
Honor 8,153.0,5.0,2016.0,5.0,256.0,32768.0,4096.0,12.0,8.0,4.0,2.0,340.0
Honor 5A,140.0,4.0,2016.0,5.0,128.0,16384.0,2048.0,13.0,5.0,4.0,2.0,120.0
MediaPad T1 7.0 Plus,278.0,9.0,2016.0,7.0,64.0,16384.0,2048.0,5.0,2.0,4.0,2.0,100.0
Honor 5c,156.0,5.0,2016.0,5.0,256.0,16384.0,2048.0,13.0,8.0,4.0,2.0,170.0
Y3II,150.0,5.0,2016.0,4.0,32.0,8192.0,1024.0,5.0,2.0,4.0,2.0,80.0
Y5II,135.0,4.0,2016.0,5.0,32.0,8192.0,1024.0,8.0,2.0,4.0,2.0,110.0
P9 lite,147.0,5.0,2016.0,5.0,256.0,16384.0,2048.0,13.0,8.0,4.0,2.0,250.0
P9 Plus,162.0,5.0,2016.0,5.0,256.0,65536.0,4096.0,12.0,8.0,4.0,1.0,580.0
P9,144.0,8.0,2016.0,5.0,256.0,32768.0,3072.0,12.0,8.0,4.0,1.0,400.0
Honor Holly 2 Plus,160.0,5.0,2016.0,5.0,256.0,16384.0,2048.0,13.0,5.0,4.0,2.0,140.0
Enjoy 5s,135.0,4.0,2015.0,5.0,256.0,16384.0,2048.0,13.0,5.0,4.0,2.0,200.0
Mate 8,185.0,6.0,2015.0,6.0,256.0,32768.0,3072.0,16.0,8.0,4.0,2.0,430.0
G7 Plus,167.0,5.0,2015.0,5.0,256.0,32768.0,3072.0,13.0,5.0,4.0,2.0,280.0
Honor 5X,158.0,5.0,2015.0,5.0,256.0,16384.0,2048.0,13.0,5.0,4.0,2.0,300.0
Y6 Pro,160.0,5.0,2015.0,5.0,256.0,16384.0,2048.0,13.0,5.0,4.0,2.0,190.0
Mate S,156.0,5.0,2015.0,5.0,256.0,32768.0,3072.0,13.0,8.0,4.0,2.0,350.0
Honor 7i,160.0,5.0,2015.0,5.0,256.0,32768.0,3072.0,13.0,13.0,4.0,2.0,310.0
Y6,125.0,4.0,2015.0,5.0,256.0,8192.0,1024.0,8.0,2.0,4.0,2.0,90.0
Honor 7,157.0,5.0,2015.0,5.0,256.0,16384.0,3072.0,20.0,8.0,4.0,2.0,300.0
MediaPad M2 8.0,330.0,11.0,2015.0,8.0,256.0,16384.0,2048.0,8.0,2.0,4.0,2.0,250.0
Y560,141.0,1.0,2015.0,4.0,32.0,8192.0,1024.0,5.0,2.0,4.0,2.0,110.0
Y625,160.0,5.0,2015.0,5.0,32.0,4096.0,1024.0,8.0,2.0,4.0,2.0,130.0
Honor 4C,162.0,5.0,2015.0,5.0,32.0,8192.0,2048.0,13.0,5.0,4.0,2.0,170.0
P8lite ALE-L04,131.0,4.0,2015.0,5.0,256.0,16384.0,2048.0,13.0,5.0,4.0,2.0,230.0
P8lite,131.0,4.0,2015.0,5.0,256.0,16384.0,2048.0,13.0,5.0,4.0,2.0,170.0
P8max,228.0,4.0,2015.0,6.0,64.0,65536.0,3072.0,13.0,5.0,4.0,2.0,420.0
P8,144.0,8.0,2015.0,5.0,256.0,16384.0,3072.0,13.0,8.0,4.0,2.0,270.0
SnapTo,150.0,5.0,2015.0,5.0,32.0,8192.0,1024.0,5.0,2.0,4.0,2.0,170.0
MediaPad X2,239.0,8.0,2015.0,7.0,256.0,16384.0,2048.0,13.0,5.0,4.0,2.0,370.0
Y635,178.0,6.0,2015.0,5.0,32.0,4096.0,1024.0,5.0,2.0,4.0,2.0,140.0
Y360,118.0,4.0,2015.0,4.0,32.0,4096.0,512.0,5.0,2.0,4.0,2.0,90.0
Ascend GX1,173.0,10.0,2014.0,6.0,32.0,8192.0,1024.0,8.0,2.0,4.0,2.0,200.0
Honor 6 Plus,165.0,5.0,2014.0,5.0,256.0,16384.0,3072.0,8.0,8.0,4.0,2.0,320.0
Ascend Mate7 Monarch,185.0,6.0,2014.0,6.0,256.0,65536.0,3072.0,13.0,5.0,4.0,2.0,500.0
Honor 4X,165.0,5.0,2014.0,5.0,32.0,8192.0,2048.0,13.0,5.0,4.0,2.0,200.0
Honor Holly,156.0,5.0,2014.0,5.0,32.0,16384.0,1024.0,8.0,2.0,4.0,2.0,100.0
MediaPad T1 10,433.0,15.0,2015.0,9.0,32.0,8192.0,1024.0,5.0,2.0,4.0,2.0,180.0
Honor 4 Play,160.0,5.0,2014.0,5.0,32.0,8192.0,1024.0,8.0,2.0,4.0,2.0,100.0
Ascend G620s,160.0,5.0,2014.0,5.0,32.0,8192.0,1024.0,8.0,2.0,4.0,2.0,180.0
Ascend Y550,153.0,5.0,2014.0,4.0,32.0,4096.0,1024.0,5.0,2.0,4.0,2.0,130.0
Ascend G7,165.0,5.0,2014.0,5.0,32.0,16384.0,2048.0,13.0,5.0,4.0,2.0,260.0
Ascend Mate7,185.0,6.0,2014.0,6.0,256.0,16384.0,2048.0,13.0,5.0,4.0,2.0,340.0
Honor 3C Play,156.0,5.0,2014.0,5.0,32.0,16384.0,1024.0,8.0,2.0,4.0,2.0,130.0
Honor 6,130.0,4.0,2014.0,5.0,64.0,16384.0,3072.0,13.0,5.0,4.0,2.0,290.0
Honor 3X Pro,162.0,5.0,2014.0,5.0,64.0,32768.0,2048.0,13.0,5.0,4.0,2.0,200.0
Honor 3C 4G,140.0,4.0,2014.0,5.0,32.0,8192.0,1024.0,8.0,5.0,4.0,2.0,200.0
Ascend G535,145.0,11.0,2014.0,4.0,32.0,8192.0,1024.0,5.0,1.0,4.0,2.0,110.0
Ascend G630,160.0,5.0,2014.0,5.0,32.0,4096.0,1024.0,8.0,1.0,4.0,2.0,170.0
Ascend P7,124.0,4.0,2014.0,5.0,64.0,16384.0,2048.0,13.0,8.0,4.0,2.0,250.0
Ascend P7 mini,115.0,6.0,2014.0,4.0,32.0,8192.0,1024.0,8.0,5.0,4.0,2.0,180.0
Ascend G6 4G,115.0,6.0,2014.0,4.0,32.0,8192.0,1024.0,8.0,5.0,4.0,2.0,240.0
Ascend G6,115.0,6.0,2014.0,4.0,32.0,4096.0,1024.0,8.0,5.0,4.0,2.0,250.0
MediaPad M1,329.0,11.0,2014.0,8.0,32.0,8192.0,1024.0,5.0,1.0,4.0,2.0,300.0
MediaPad X1,239.0,8.0,2014.0,7.0,32.0,16384.0,2048.0,13.0,5.0,4.0,2.0,350.0
Ascend Mate2 4G,202.0,7.0,2014.0,6.0,64.0,16384.0,2048.0,13.0,5.0,4.0,2.0,330.0
Honor 3X G750,162.0,5.0,2013.0,5.0,64.0,8192.0,2048.0,13.0,5.0,4.0,2.0,250.0
Honor 3C,140.0,4.0,2013.0,5.0,32.0,8192.0,2048.0,8.0,5.0,4.0,2.0,140.0
Ascend G740,150.0,5.0,2013.0,5.0,32.0,8192.0,1024.0,8.0,1.0,4.0,2.0,250.0
Honor 3,138.0,4.0,2013.0,4.0,32.0,8192.0,2048.0,13.0,1.0,3.0,2.0,230.0
Ascend G700,155.0,5.0,2013.0,5.0,32.0,8192.0,2048.0,8.0,1.0,4.0,2.0,190.0
Ascend P6,120.0,4.0,2013.0,4.0,32.0,8192.0,2048.0,8.0,5.0,3.0,2.0,230.0
Premia 4G M931,140.0,4.0,2013.0,4.0,32.0,4096.0,1024.0,5.0,1.0,3.0,2.0,120.0
Ascend G615,145.0,11.0,2013.0,4.0,32.0,8192.0,1024.0,8.0,1.0,3.0,2.0,250.0
Ascend Mate,198.0,6.0,2013.0,6.0,64.0,8192.0,2048.0,8.0,1.0,4.0,2.0,230.0
Honor 2,145.0,11.0,2012.0,4.0,32.0,8192.0,2048.0,8.0,1.0,3.0,2.0,150.0
Ascend P1 LTE,135.0,4.0,2012.0,4.0,32.0,4096.0,1024.0,8.0,1.0,3.0,2.0,150.0
Ascend P1,110.0,3.0,2012.0,4.0,32.0,4096.0,1024.0,8.0,1.0,3.0,2.0,170.0
MediaPad 10 FHD,580.0,1.0,2012.0,10.0,32.0,8192.0,2048.0,8.0,1.0,3.0,2.0,330.0
Ascend D1 XL U9500E,132.0,4.0,2012.0,4.0,32.0,8192.0,1024.0,8.0,1.0,3.0,2.0,350.0
Ascend D1,132.0,4.0,2012.0,4.0,32.0,8192.0,1024.0,8.0,1.0,3.0,2.0,210.0
Ascend D quad XL,150.0,5.0,2012.0,4.0,32.0,8192.0,1024.0,8.0,1.0,3.0,2.0,260.0
Ascend D quad,130.0,4.0,2012.0,4.0,32.0,8192.0,1024.0,8.0,1.0,3.0,2.0,290.0
Ascend P1s,130.0,4.0,2012.0,4.0,32.0,4096.0,1024.0,8.0,1.0,3.0,2.0,260.0
MediaPad,390.0,13.0,2011.0,7.0,32.0,8192.0,1024.0,5.0,1.0,2.0,2.0,150.0
MediaPad S7-301w,390.0,13.0,2011.0,7.0,32.0,8192.0,1024.0,5.0,1.0,2.0,2.0,160.0
Jolla C,150.0,5.0,2016.0,5.0,32.0,16384.0,2048.0,8.0,2.0,4.0,2.0,170.0
Tablet,384.0,13.0,2014.0,7.0,256.0,32768.0,2048.0,5.0,2.0,3.0,2.0,170.0
Jolla,141.0,4.0,2013.0,4.0,32.0,16384.0,1024.0,8.0,2.0,4.0,2.0,180.0
Sparkle V,138.0,4.0,2014.0,4.0,32.0,4096.0,1024.0,5.0,2.0,4.0,2.0,80.0
S5 Titanium,200.0,5.0,2013.0,5.0,32.0,4096.0,1024.0,8.0,2.0,2.0,2.0,160.0
DuraForce,200.0,5.0,2014.0,4.0,32.0,16384.0,2048.0,8.0,2.0,4.0,2.0,320.0
Brigadier,187.0,6.0,2014.0,4.0,32.0,16384.0,2048.0,8.0,2.0,4.0,2.0,300.0
Torque E6710,168.0,5.0,2013.0,4.0,32.0,4096.0,1024.0,5.0,1.0,4.0,2.0,270.0
A77,140.0,4.0,2017.0,4.0,32.0,8192.0,1024.0,5.0,5.0,4.0,2.0,6099.0
Z25,163.0,5.0,2017.0,5.0,128.0,32768.0,4096.0,13.0,8.0,4.0,2.0,250.0
Z10,148.0,5.0,2017.0,5.0,128.0,16384.0,2048.0,8.0,5.0,4.0,2.0,160.0
V5,153.0,5.0,2016.0,5.0,32.0,16384.0,3072.0,13.0,8.0,4.0,2.0,150.0
X3,142.0,1.0,2016.0,5.0,32.0,8192.0,2048.0,8.0,5.0,4.0,2.0,100.0
X10,133.0,4.0,2015.0,5.0,32.0,16384.0,3072.0,13.0,5.0,4.0,2.0,150.0
Pixel V2,128.0,4.0,2015.0,5.0,32.0,16384.0,2048.0,13.0,8.0,4.0,2.0,120.0
Pixel V1,135.0,4.0,2015.0,5.0,32.0,32768.0,2048.0,8.0,5.0,4.0,2.0,160.0
Iris X1 Grand,152.0,5.0,2015.0,5.0,32.0,8192.0,1024.0,8.0,2.0,4.0,2.0,110.0
Iris X8,160.0,5.0,2015.0,5.0,32.0,8192.0,1024.0,8.0,3.0,4.0,2.0,130.0
Iris Fuel 60,174.0,6.0,2014.0,5.0,32.0,8192.0,1024.0,10.0,2.0,3.0,2.0,130.0
Iris Fuel 50,160.0,5.0,2014.0,5.0,32.0,8192.0,1024.0,8.0,2.0,4.0,2.0,100.0
Iris X5,134.0,4.0,2014.0,5.0,32.0,8192.0,1024.0,8.0,5.0,4.0,2.0,110.0
Iris Pro 30+,116.0,9.0,2014.0,4.0,32.0,16384.0,1024.0,13.0,3.0,4.0,2.0,150.0
Iris X1,138.0,4.0,2014.0,4.0,32.0,8192.0,1024.0,8.0,2.0,4.0,2.0,100.0
Iris Pro 30,114.0,2.0,2014.0,4.0,32.0,4096.0,1024.0,8.0,3.0,4.0,2.0,180.0
Tab 4 10 Plus,475.0,5.0,2017.0,10.0,256.0,16384.0,3072.0,8.0,5.0,4.0,2.0,240.0
Tab 4 10,500.0,10.0,2017.0,10.0,256.0,16384.0,2048.0,5.0,2.0,4.0,2.0,140.0
Tab 4 8 Plus,300.0,10.0,2017.0,8.0,256.0,16384.0,3072.0,8.0,5.0,4.0,2.0,190.0
Tab 4 8,310.0,10.0,2017.0,8.0,256.0,16384.0,2048.0,5.0,2.0,4.0,2.0,100.0
Tab3 8 Plus,329.0,11.0,2017.0,8.0,256.0,16384.0,3072.0,8.0,5.0,4.0,2.0,170.0
A6600 Plus,142.0,1.0,2016.0,5.0,32.0,16384.0,2048.0,8.0,2.0,4.0,2.0,130.0
A6600,142.0,1.0,2016.0,5.0,32.0,16384.0,1024.0,8.0,2.0,4.0,2.0,110.0
B,144.0,8.0,2016.0,4.0,32.0,8192.0,1024.0,5.0,2.0,4.0,2.0,80.0
A Plus,146.0,5.0,2016.0,4.0,32.0,8192.0,1024.0,5.0,2.0,2.0,2.0,70.0
P2,177.0,6.0,2016.0,5.0,256.0,32768.0,3072.0,13.0,5.0,4.0,2.0,240.0
K6 Note,169.0,5.0,2016.0,5.0,256.0,32768.0,3072.0,16.0,8.0,4.0,2.0,250.0
K6 Power,145.0,11.0,2016.0,5.0,256.0,16384.0,2048.0,13.0,8.0,4.0,2.0,170.0
K6,140.0,4.0,2016.0,5.0,256.0,16384.0,2048.0,13.0,8.0,4.0,2.0,200.0
Phab2 Pro,182.0,6.0,2014.0,5.0,32.0,8192.0,1024.0,8.0,2.0,4.0,2.0,280.0
Vibe K5 Plus,126.0,4.0,2014.0,5.0,32.0,8192.0,1024.0,8.0,1.0,4.0,2.0,280.0
Vibe K5,128.0,4.0,2014.0,5.0,32.0,8192.0,1024.0,8.0,2.0,4.0,2.0,200.0
A7000 Turbo,116.0,9.0,2014.0,4.0,32.0,4096.0,1024.0,8.0,2.0,4.0,2.0,200.0
Vibe X3 c78,189.0,6.0,2014.0,5.0,32.0,4096.0,1024.0,8.0,2.0,4.0,2.0,140.0
Phab Plus,110.0,3.0,2013.0,4.0,32.0,4096.0,512.0,5.0,4033.0,4.0,2.0,80.0
Vibe P1m,177.0,6.0,2013.0,6.0,32.0,8192.0,2048.0,13.0,2.0,4.0,2.0,370.0
Vibe S1,110.0,3.0,2013.0,4.0,32.0,4096.0,1024.0,8.0,1.0,4.0,2.0,160.0
S60,130.0,4.0,2013.0,5.0,32.0,8192.0,2048.0,13.0,2.0,4.0,2.0,370.0
P70,109.0,3.0,2013.0,4.0,32.0,4096.0,1024.0,8.0,2.0,4.0,2.0,230.0
P90,135.0,4.0,2013.0,5.0,32.0,4096.0,1024.0,8.0,1.0,4.0,2.0,350.0
Optimus L4 II Dual E445,167.0,5.0,2017.0,5.0,256.0,65536.0,4096.0,13.0,13.0,4.0,2.0,420.0
A390,144.0,8.0,2016.0,5.0,256.0,65536.0,4096.0,16.0,8.0,4.0,2.0,450.0
C299,209.0,7.0,2016.0,6.0,256.0,65536.0,3072.0,13.0,5.0,4.0,3.0,420.0
Optimus L9 P769,147.0,5.0,2016.0,5.0,256.0,32768.0,3072.0,13.0,5.0,4.0,1.0,300.0
Optimus Vu II,128.0,4.0,2015.0,5.0,256.0,16384.0,3072.0,13.0,5.0,4.0,2.0,200.0
Optimus Vu II F200,128.0,4.0,2015.0,5.0,256.0,16384.0,2048.0,13.0,5.0,4.0,2.0,180.0
Optimus G E970,137.0,4.0,2015.0,5.0,256.0,16384.0,1024.0,8.0,5.0,4.0,2.0,160.0
Optimus G LS970,155.0,5.0,2015.0,5.0,256.0,16384.0,3072.0,13.0,5.0,4.0,1.0,300.0
Optimus G E975,155.0,5.0,2015.0,5.0,256.0,16384.0,1024.0,13.0,5.0,4.0,1.0,250.0
Intuition VS950,143.0,4.0,2015.0,4.0,256.0,16384.0,1024.0,8.0,5.0,4.0,2.0,200.0
Splendor US730,153.0,5.0,2015.0,5.0,256.0,16384.0,1024.0,5.0,2.0,4.0,2.0,120.0
Escape P870,200.0,5.0,2016.0,5.0,256.0,16384.0,2048.0,8.0,5.0,4.0,2.0,170.0
Optimus Vu P895,154.0,5.0,2015.0,5.0,256.0,8192.0,1024.0,8.0,5.0,4.0,2.0,100.0
Optimus L3 E405,212.0,7.0,2015.0,5.0,128.0,16384.0,2048.0,13.0,5.0,4.0,2.0,300.0
C199,156.0,5.0,2015.0,4.0,32.0,16384.0,1024.0,5.0,2.0,4.0,2.0,140.0
T385,130.0,4.0,2015.0,5.0,32.0,16384.0,2048.0,13.0,5.0,4.0,2.0,240.0
Optimus Elite LS696,135.0,4.0,2015.0,4.0,32.0,8192.0,1024.0,8.0,2.0,4.0,2.0,140.0
Optimus L3 E400,204.0,7.0,2015.0,6.0,256.0,65536.0,3072.0,24.0,8.0,4.0,2.0,490.0
Spectrum VS920,149.0,5.0,2014.0,5.0,32.0,8192.0,1024.0,8.0,2.0,4.0,2.0,230.0
X350,146.0,5.0,2014.0,5.0,32.0,8192.0,1024.0,8.0,2.0,4.0,2.0,230.0
Optimus 2 AS680,156.0,5.0,2014.0,5.0,32.0,8192.0,1024.0,8.0,2.0,4.0,2.0,170.0
Extravert VN271,98.0,3.0,2014.0,4.0,32.0,8192.0,1024.0,8.0,2.0,4.0,2.0,160.0
Optimus Slider,143.0,8.0,2014.0,5.0,32.0,16384.0,2048.0,13.0,5.0,4.0,2.0,310.0
A290,374.0,13.0,2013.0,7.0,32.0,8192.0,1024.0,5.0,2.0,4.0,2.0,190.0
T515 Cookie Duo,131.0,4.0,2014.0,4.0,32.0,4096.0,1024.0,8.0,1.0,4.0,2.0,220.0
A100,143.0,4.0,2014.0,4.0,32.0,8192.0,1024.0,8.0,2.0,4.0,2.0,200.0
Optimus Big LU6800,124.0,4.0,2013.0,4.0,32.0,4096.0,1024.0,8.0,2.0,4.0,2.0,230.0
Cosmos 2,176.0,6.0,2013.0,5.0,32.0,4096.0,1024.0,8.0,1.0,4.0,2.0,230.0
Thrill 4G P925,140.0,4.0,2013.0,4.0,32.0,4096.0,1024.0,8.0,1.0,4.0,2.0,170.0
T315,131.0,4.0,2012.0,4.0,32.0,4096.0,1024.0,8.0,1.0,3.0,2.0,200.0
Optimus 2X SU660,432.0,15.0,2015.0,10.0,256.0,16384.0,1024.0,5.0,720.0,2.0,2.0,210.0
Optimus 2X,311.0,10.0,2015.0,8.0,256.0,8192.0,1024.0,5.0,720.0,2.0,2.0,130.0
GM200 Brio,160.0,5.0,2017.0,5.0,128.0,16384.0,1024.0,13.0,5.0,4.0,2.0,130.0
GM730 Eigen,193.0,6.0,2016.0,5.0,256.0,65536.0,4096.0,20.0,8.0,4.0,3.0,250.0
GB130,160.0,5.0,2014.0,5.0,256.0,8192.0,1024.0,8.0,2.0,4.0,2.0,150.0
GM310,142.0,1.0,2014.0,5.0,256.0,16384.0,2048.0,16.0,8.0,4.0,2.0,200.0
CT810 Incite,232.0,8.0,2014.0,6.0,32.0,4096.0,1024.0,8.0,2.0,3.0,2.0,240.0
KP152,140.0,4.0,2014.0,5.0,32.0,8192.0,1024.0,8.0,2.0,4.0,2.0,240.0
KF900 Prada,160.0,5.0,2014.0,5.0,32.0,8192.0,1024.0,8.0,2.0,4.0,2.0,280.0
KP260,120.0,4.0,2017.0,5.0,256.0,16384.0,2048.0,13.0,5.0,4.0,2.0,150.0
KP199,175.0,5.0,2017.0,5.0,256.0,32768.0,3072.0,13.0,8.0,4.0,2.0,230.0
KP170,490.0,8.0,2017.0,9.0,256.0,32768.0,4096.0,8.0,5.0,4.0,2.0,450.0
GT365 Neon,170.0,6.0,2017.0,5.0,256.0,65536.0,6144.0,23.0,8.0,4.0,2.0,800.0
KS360,170.0,6.0,2017.0,5.0,256.0,32768.0,4096.0,12.0,13.0,4.0,2.0,550.0
Univa E510,270.0,9.0,2016.0,6.0,256.0,8192.0,1024.0,5.0,2.0,4.0,2.0,120.0
KF390,320.0,11.0,2016.0,7.0,256.0,32768.0,4096.0,8.0,2.0,4.0,1.0,390.0
KF350,150.0,5.0,2016.0,5.0,256.0,16384.0,2048.0,13.0,5.0,4.0,2.0,130.0
KF245,175.0,6.0,2016.0,5.0,256.0,32768.0,2048.0,16.0,8.0,4.0,2.0,280.0
KF240,151.0,5.0,2016.0,5.0,256.0,65536.0,4096.0,16.0,8.0,4.0,2.0,440.0
U370,490.0,8.0,2016.0,9.0,256.0,32768.0,3072.0,8.0,5.0,4.0,1.0,360.0
KC550,430.0,15.0,2016.0,9.0,256.0,32768.0,4096.0,8.0,5.0,4.0,2.0,400.0
KF757 Secret,148.0,5.0,2016.0,5.0,32.0,16384.0,2048.0,13.0,5.0,4.0,2.0,230.0
KF750 Secret,150.0,5.0,2016.0,5.0,256.0,32768.0,2048.0,13.0,8.0,4.0,2.0,270.0
KF755 Secret,144.0,8.0,2016.0,5.0,256.0,32768.0,3072.0,16.0,8.0,4.0,2.0,360.0
KF600,233.0,8.0,2016.0,6.0,256.0,32768.0,3072.0,23.0,8.0,4.0,2.0,700.0
KF510,170.0,6.0,2016.0,5.0,256.0,65536.0,4096.0,23.0,8.0,4.0,3.0,690.0
KP320,155.0,5.0,2016.0,5.0,256.0,32768.0,3072.0,16.0,8.0,4.0,2.0,450.0
KT610,202.0,7.0,2016.0,5.0,64.0,32768.0,2048.0,13.0,5.0,4.0,2.0,170.0
KT520,135.0,4.0,2016.0,4.0,256.0,8192.0,1024.0,8.0,2.0,4.0,2.0,110.0
KM710,125.0,4.0,2016.0,4.0,64.0,8192.0,1024.0,5.0,2.0,4.0,2.0,90.0
MG295,160.0,5.0,2016.0,5.0,64.0,16384.0,2048.0,8.0,5.0,4.0,2.0,150.0
KF310,153.0,5.0,2016.0,5.0,32.0,16384.0,2048.0,8.0,5.0,4.0,2.0,110.0
KM500,140.0,4.0,2016.0,5.0,64.0,16384.0,2048.0,8.0,2.0,4.0,2.0,230.0
KG375,170.0,6.0,2015.0,5.0,256.0,16384.0,3072.0,13.0,5.0,4.0,2.0,180.0
KP235,185.0,6.0,2015.0,5.0,256.0,32768.0,4096.0,13.0,5.0,4.0,2.0,500.0
KP210,510.0,12.0,2015.0,10.0,64.0,8192.0,2048.0,5.0,2.0,4.0,2.0,160.0
KP130,135.0,4.0,2015.0,5.0,64.0,8192.0,2048.0,8.0,2.0,4.0,2.0,130.0
KP110,202.0,7.0,2015.0,5.0,64.0,8192.0,2048.0,13.0,5.0,4.0,2.0,170.0
KP105,170.0,6.0,2015.0,5.0,256.0,65536.0,4096.0,13.0,5.0,4.0,2.0,500.0
KP100,190.0,6.0,2015.0,6.0,256.0,16384.0,2048.0,13.0,5.0,4.0,2.0,300.0
KU385,190.0,6.0,2015.0,6.0,256.0,16384.0,2048.0,13.0,5.0,4.0,2.0,360.0
KU380,170.0,6.0,2015.0,5.0,256.0,16384.0,2048.0,13.0,5.0,4.0,2.0,220.0
U960,140.0,4.0,2015.0,5.0,256.0,8192.0,2048.0,8.0,5.0,4.0,2.0,200.0
KG290,140.0,4.0,2015.0,5.0,256.0,8192.0,2048.0,13.0,5.0,4.0,2.0,210.0
KG288,272.0,9.0,2015.0,7.0,256.0,16384.0,2048.0,8.0,2.0,4.0,2.0,160.0
KS20,155.0,5.0,2015.0,5.0,64.0,8192.0,1024.0,8.0,2.0,4.0,2.0,110.0
KU990 Viewty,156.0,5.0,2015.0,5.0,32.0,32768.0,3072.0,13.0,8.0,4.0,2.0,300.0
KE500,350.0,12.0,2015.0,8.0,64.0,8192.0,1024.0,5.0,2.0,4.0,2.0,280.0
KU580,170.0,6.0,2015.0,5.0,256.0,16384.0,2048.0,13.0,13.0,4.0,2.0,280.0
KE850 Prada,155.0,5.0,2015.0,5.0,64.0,16384.0,2048.0,8.0,2.0,4.0,2.0,180.0
KE970 Shine,170.0,6.0,2015.0,5.0,256.0,16384.0,2048.0,13.0,5.0,4.0,2.0,250.0
KU970 Shine,170.0,6.0,2015.0,5.0,256.0,16384.0,2048.0,13.0,5.0,4.0,2.0,370.0
KE770 Shine,299.0,10.0,2015.0,7.0,64.0,8192.0,2048.0,5.0,2.0,4.0,2.0,220.0
CU720 Shine,150.0,5.0,2015.0,4.0,64.0,8192.0,1024.0,5.0,2.0,4.0,2.0,90.0
KU950,280.0,9.0,2015.0,7.0,64.0,8192.0,1024.0,5.0,2.0,4.0,2.0,160.0
KS10,185.0,6.0,2015.0,5.0,64.0,16384.0,2048.0,13.0,5.0,4.0,2.0,400.0
KU311,140.0,4.0,2014.0,5.0,32.0,8192.0,2048.0,8.0,5.0,4.0,2.0,80.0
CU515,148.0,5.0,2014.0,4.0,64.0,8192.0,1024.0,5.0,2.0,4.0,2.0,160.0
CE110,279.0,9.0,2014.0,7.0,64.0,16384.0,2048.0,5.0,2.0,4.0,2.0,240.0
KU250,269.0,9.0,2014.0,7.0,64.0,16384.0,2048.0,5.0,2.0,4.0,2.0,240.0
KE260,145.0,11.0,2014.0,5.0,64.0,8192.0,1024.0,8.0,2.0,4.0,2.0,210.0
KU800,320.0,11.0,2014.0,8.0,64.0,16384.0,1024.0,5.0,2.0,4.0,2.0,150.0
L343i,295.0,10.0,2014.0,7.0,64.0,8192.0,1024.0,5.0,2.0,4.0,2.0,130.0
U830,328.0,11.0,2014.0,8.0,64.0,8192.0,1024.0,5.0,2.0,4.0,2.0,200.0
L600v,299.0,10.0,2014.0,7.0,64.0,8192.0,1024.0,5.0,2.0,4.0,2.0,210.0
KP202,595.0,1.0,2014.0,10.0,64.0,16384.0,2048.0,5.0,1.0,4.0,2.0,400.0
U310,150.0,5.0,2014.0,5.0,64.0,16384.0,2048.0,13.0,2.0,4.0,2.0,320.0
U300,150.0,5.0,2014.0,5.0,64.0,16384.0,2048.0,13.0,2.0,4.0,2.0,250.0
KG800,145.0,11.0,2014.0,5.0,64.0,16384.0,2048.0,13.0,2.0,4.0,2.0,510.0
KE600,196.0,6.0,2014.0,6.0,64.0,16384.0,2048.0,13.0,2.0,4.0,2.0,200.0
KG330,196.0,6.0,2014.0,6.0,64.0,16384.0,2048.0,13.0,2.0,4.0,2.0,250.0
KG320,145.0,11.0,2015.0,5.0,64.0,8192.0,2048.0,8.0,2.0,4.0,2.0,120.0
CG180,145.0,11.0,2014.0,5.0,64.0,8192.0,2048.0,8.0,2.0,4.0,2.0,130.0
KG200,150.0,5.0,2014.0,4.0,64.0,8192.0,1024.0,5.0,2.0,4.0,2.0,300.0
KG270,116.0,9.0,2014.0,4.0,64.0,8192.0,1024.0,8.0,2.0,4.0,2.0,210.0
KG195,105.0,3.0,2013.0,4.0,64.0,16384.0,1024.0,8.0,2.0,4.0,2.0,290.0
KU730,145.0,11.0,2013.0,5.0,64.0,16384.0,2048.0,13.0,2.0,4.0,2.0,730.0
U900,522.0,1.0,2013.0,10.0,64.0,8192.0,1024.0,2.0,1.0,3.0,2.0,250.0
V9000,350.0,12.0,2013.0,8.0,64.0,16384.0,1024.0,5.0,1.0,3.0,2.0,150.0
KG245,328.0,11.0,2013.0,7.0,32.0,8192.0,1024.0,5.0,1.0,3.0,2.0,220.0
KG225,210.0,7.0,2013.0,6.0,64.0,16384.0,2048.0,8.0,1.0,3.0,2.0,350.0
KG220,585.0,1.0,2013.0,10.0,64.0,32768.0,2048.0,5.0,1.0,3.0,2.0,400.0
KG130,302.0,10.0,2013.0,7.0,32.0,16384.0,1024.0,5.0,1.0,4.0,2.0,130.0
KG120,340.0,11.0,2013.0,7.0,32.0,8192.0,1024.0,3.0,1.0,3.0,2.0,260.0
C2600,580.0,1.0,2013.0,10.0,32.0,16384.0,1024.0,5.0,1.0,3.0,2.0,230.0
M6100,525.0,1.0,2012.0,10.0,64.0,32768.0,2048.0,8.0,2.0,4.0,2.0,420.0
S5300,625.0,1.0,2012.0,10.0,32.0,32768.0,1024.0,8.0,2.0,3.0,2.0,430.0
S5200,598.0,1.0,2012.0,10.0,32.0,32768.0,1024.0,8.0,2.0,3.0,2.0,430.0
S5000,635.0,1.0,2012.0,10.0,32.0,16384.0,1024.0,8.0,1.0,3.0,2.0,290.0
U880,598.0,1.0,2012.0,10.0,32.0,32768.0,1024.0,8.0,2.0,3.0,2.0,340.0
B2250,598.0,1.0,2012.0,10.0,32.0,32768.0,1024.0,8.0,2.0,3.0,2.0,400.0
M4330,680.0,1.0,2011.0,10.0,32.0,16384.0,1024.0,5.0,1.0,2.0,2.0,280.0
U8150,135.0,4.0,2014.0,5.0,64.0,16384.0,2048.0,13.0,2.0,4.0,2.0,100.0
M3,178.0,6.0,2017.0,5.0,256.0,32768.0,4096.0,13.0,8.0,4.0,2.0,250.0
Pro 6,180.0,6.0,2017.0,4.0,256.0,32768.0,3072.0,12.0,8.0,4.0,3.0,600.0
M3 Note,165.0,5.0,2016.0,5.0,256.0,32768.0,4096.0,21.0,8.0,4.0,2.0,530.0
PRO 5 mini,135.0,4.0,2016.0,5.0,256.0,16384.0,3072.0,13.0,8.0,4.0,2.0,270.0
M1 Metal,192.0,6.0,2015.0,5.0,256.0,32768.0,3072.0,18.0,2.0,4.0,2.0,450.0
PRO 5,170.0,6.0,2015.0,5.0,256.0,16384.0,2048.0,8.0,2.0,4.0,2.0,170.0
MX5,140.0,4.0,2014.0,3.0,256.0,65536.0,2048.0,8.0,2.0,4.0,2.0,590.0
M2 Note,196.0,6.0,2014.0,4.0,256.0,32768.0,3072.0,13.0,2.0,4.0,2.0,310.0
M1 Note,177.0,6.0,2014.0,3.0,256.0,16384.0,2048.0,8.0,2.0,4.0,2.0,290.0
M1,164.0,5.0,2014.0,5.0,32.0,8192.0,1024.0,5.0,1.0,4.0,2.0,110.0
MX4 Pro,140.0,4.0,2013.0,4.0,64.0,65536.0,2048.0,8.0,2.0,4.0,2.0,390.0
MX4,170.0,6.0,2013.0,5.0,64.0,16384.0,2048.0,8.0,2.0,4.0,2.0,180.0
MX2,120.0,4.0,2013.0,3.0,32.0,8192.0,2048.0,5.0,2.0,4.0,2.0,150.0
MX 4-core,137.0,4.0,2013.0,4.0,64.0,16384.0,2048.0,8.0,2.0,4.0,2.0,230.0
MX,139.0,4.0,2013.0,3.0,64.0,16384.0,2048.0,8.0,2.0,4.0,2.0,170.0
Bolt A82,152.0,5.0,2017.0,5.0,64.0,65536.0,4096.0,13.0,8.0,4.0,2.0,170.0
X099,150.0,5.0,2016.0,5.0,64.0,16384.0,1024.0,8.0,2.0,4.0,2.0,80.0
Bolt A27,207.0,7.0,2015.0,6.0,64.0,65536.0,3072.0,24.0,8.0,4.0,2.0,310.0
A116 Canvas HD,177.0,6.0,2015.0,6.0,64.0,8192.0,1024.0,8.0,2.0,4.0,2.0,110.0
X277,180.0,6.0,2015.0,5.0,64.0,8192.0,1024.0,8.0,2.0,4.0,2.0,140.0
X234+,154.0,5.0,2015.0,5.0,64.0,8192.0,1024.0,8.0,2.0,4.0,2.0,120.0
A52,177.0,6.0,2014.0,6.0,64.0,16384.0,2048.0,13.0,5.0,3.0,2.0,210.0
A45,164.0,5.0,2014.0,5.0,64.0,8192.0,1024.0,13.0,5.0,3.0,2.0,150.0
X640,299.0,10.0,2014.0,7.0,64.0,8192.0,1024.0,5.0,2.0,3.0,2.0,130.0
X102,139.0,4.0,2014.0,5.0,32.0,8192.0,1024.0,8.0,2.0,3.0,2.0,150.0
A50 Ninja,166.0,5.0,2014.0,5.0,64.0,4096.0,1024.0,8.0,2.0,3.0,2.0,110.0
X490,136.0,4.0,2014.0,5.0,32.0,8192.0,1024.0,8.0,2.0,4.0,2.0,150.0
X271,206.0,7.0,2014.0,6.0,32.0,4096.0,1024.0,8.0,2.0,4.0,2.0,180.0
X270,155.0,5.0,2014.0,5.0,64.0,4096.0,1024.0,8.0,2.0,3.0,2.0,120.0
X78,166.0,5.0,2014.0,5.0,64.0,4096.0,1024.0,8.0,2.0,3.0,2.0,130.0
A55,404.0,14.0,2014.0,8.0,64.0,8192.0,1024.0,5.0,5.0,4.0,2.0,360.0
X40,109.0,3.0,2014.0,4.0,64.0,4096.0,1024.0,8.0,5.0,4.0,2.0,130.0
X222,144.0,8.0,2014.0,5.0,64.0,4096.0,1024.0,12.0,2.0,4.0,2.0,140.0
Q80,125.0,4.0,2013.0,4.0,32.0,16384.0,1024.0,8.0,2.0,4.0,2.0,200.0
X550 Qube,190.0,6.0,2013.0,5.0,32.0,4096.0,1024.0,8.0,2.0,3.0,2.0,130.0
X510 Pike,170.0,6.0,2013.0,5.0,32.0,4096.0,1024.0,8.0,2.0,3.0,2.0,130.0
GC700,145.0,11.0,2013.0,5.0,32.0,16384.0,1024.0,13.0,5.0,4.0,2.0,230.0
GC400,125.0,4.0,2013.0,4.0,32.0,4096.0,1024.0,8.0,2.0,4.0,2.0,180.0
GC360,210.0,7.0,2013.0,5.0,32.0,4096.0,512.0,8.0,2.0,3.0,2.0,160.0
Q75,243.0,8.0,2013.0,5.0,32.0,4096.0,1024.0,8.0,1.0,4.0,2.0,220.0
Q1,130.0,4.0,2012.0,4.0,32.0,4096.0,1024.0,8.0,1.0,3.0,2.0,210.0
X215,120.0,4.0,2012.0,4.0,32.0,4096.0,512.0,8.0,1.0,3.0,2.0,170.0
M320,158.0,5.0,2017.0,5.0,256.0,65536.0,4096.0,12.0,8.0,4.0,2.0,370.0
Trium Eclipse,153.0,5.0,2017.0,5.0,256.0,32768.0,3072.0,16.0,8.0,4.0,2.0,290.0
Trium Sirius,140.0,4.0,2016.0,5.0,256.0,16384.0,2048.0,8.0,5.0,4.0,2.0,160.0
Trium Neptune,140.0,4.0,2016.0,5.0,256.0,16384.0,2048.0,13.0,5.0,4.0,2.0,190.0
Trium Mars,139.0,4.0,2016.0,5.0,256.0,16384.0,2048.0,16.0,5.0,4.0,2.0,220.0
Trium Geo-@,145.0,11.0,2016.0,5.0,256.0,16384.0,2048.0,16.0,8.0,4.0,2.0,300.0
Trium xs,148.0,5.0,2015.0,5.0,32.0,16384.0,2048.0,13.0,5.0,4.0,2.0,230.0
Trium fx,144.0,8.0,2015.0,5.0,64.0,16384.0,2048.0,13.0,5.0,4.0,2.0,260.0
Trium Cosmo,162.0,5.0,2015.0,5.0,64.0,16384.0,2048.0,13.0,5.0,4.0,2.0,300.0
Trium Aria,115.0,6.0,2015.0,4.0,64.0,8192.0,1024.0,8.0,5.0,4.0,2.0,180.0
Trium Geo,470.0,4.0,2015.0,10.0,64.0,16384.0,2048.0,5.0,2.0,4.0,2.0,230.0
Trium Astral,173.0,10.0,2013.0,4.0,32.0,16384.0,1024.0,8.0,1.0,4.0,2.0,270.0
Shiny jacket,181.0,6.0,2015.0,4.0,64.0,8192.0,1024.0,5.0,2.0,4.0,2.0,340.0
Mini jacket,185.0,6.0,2015.0,4.0,64.0,16384.0,1024.0,8.0,2.0,4.0,2.0,440.0
Nexus 6,149.0,5.0,2014.0,5.0,32.0,16384.0,2048.0,8.0,2.0,4.0,2.0,120.0
XOOM Media Edition MZ505,177.0,6.0,2013.0,5.0,32.0,4096.0,1024.0,12.0,3.0,4.0,2.0,200.0
W230,148.0,5.0,2017.0,5.0,64.0,16384.0,3072.0,13.0,8.0,4.0,2.0,120.0
ROKR E8,148.0,5.0,2017.0,5.0,32.0,16384.0,3072.0,13.0,8.0,4.0,2.0,210.0
W180,170.0,6.0,2016.0,5.0,32.0,16384.0,2048.0,8.0,8.0,4.0,2.0,110.0
W160,173.0,10.0,2016.0,5.0,128.0,32768.0,4096.0,13.0,8.0,4.0,2.0,180.0
U9,143.0,4.0,2016.0,5.0,32.0,16384.0,2048.0,8.0,8.0,4.0,2.0,180.0
V1100,143.0,4.0,2016.0,5.0,32.0,16384.0,3072.0,8.0,8.0,4.0,2.0,80.0
PEBL U3,163.0,5.0,2016.0,5.0,32.0,16384.0,3072.0,13.0,5.0,4.0,2.0,200.0
RAZR2 V9,168.0,5.0,2016.0,5.0,64.0,16384.0,3072.0,13.0,5.0,4.0,2.0,120.0
RAZR2 V8,170.0,6.0,2016.0,5.0,64.0,65536.0,4096.0,13.0,5.0,4.0,2.0,380.0
ROKR W5,125.0,4.0,2016.0,5.0,64.0,8192.0,1024.0,8.0,2.0,4.0,2.0,130.0
W490,120.0,4.0,2016.0,4.0,32.0,16384.0,2048.0,8.0,5.0,4.0,2.0,180.0
W395,142.0,1.0,2016.0,5.0,32.0,16384.0,3072.0,13.0,5.0,4.0,2.0,110.0
RIZR Z8,158.0,5.0,2015.0,5.0,32.0,8192.0,1024.0,8.0,2.0,4.0,2.0,160.0
KRZR K3,119.0,4.0,2015.0,4.0,32.0,8192.0,1024.0,8.0,5.0,4.0,2.0,150.0
SLVR L9,597.0,1.0,2015.0,10.0,512.0,32768.0,2048.0,8.0,2.0,4.0,2.0,460.0
Q 9h,305.0,10.0,2014.0,8.0,512.0,16384.0,2048.0,8.0,2.0,4.0,2.0,250.0
Q8,292.0,10.0,2013.0,8.0,32.0,16384.0,2048.0,5.0,2.0,4.0,2.0,130.0
ROKR Z6,145.0,11.0,2011.0,4.0,32.0,8192.0,1024.0,8.0,1.0,2.0,2.0,450.0
ROKR E6,727.0,1.0,2011.0,10.0,32.0,16384.0,1024.0,5.0,2.0,2.0,2.0,280.0
V300,145.0,11.0,2015.0,5.0,32.0,8192.0,512.0,5.0,2.0,1.0,2.0,80.0
V600,125.0,4.0,2015.0,4.0,32.0,8192.0,512.0,5.0,2.0,2.0,2.0,70.0
V150,150.0,5.0,2015.0,5.0,32.0,8192.0,1024.0,8.0,5.0,2.0,2.0,100.0
V295,150.0,5.0,2014.0,5.0,32.0,8192.0,1024.0,13.0,5.0,4.0,2.0,190.0
E380,147.0,5.0,2013.0,4.0,32.0,4096.0,1024.0,8.0,2.0,3.0,2.0,200.0
E365,168.0,5.0,2013.0,5.0,32.0,4096.0,1024.0,13.0,2.0,3.0,2.0,220.0
E360,165.0,5.0,2013.0,5.0,32.0,4096.0,1024.0,13.0,2.0,3.0,2.0,260.0
V70,150.0,5.0,2013.0,4.0,32.0,4096.0,1024.0,8.0,2.0,3.0,2.0,220.0
M3588,178.0,6.0,2017.0,5.0,256.0,65536.0,4096.0,16.0,20.0,4.0,2.0,380.0
M3888,215.0,7.0,2017.0,6.0,256.0,65536.0,6144.0,12.0,8.0,4.0,2.0,460.0
d520,226.0,7.0,2017.0,6.0,256.0,65536.0,4096.0,13.0,20.0,4.0,1.0,370.0
Zinc II,182.0,6.0,2017.0,5.0,256.0,65536.0,4096.0,13.0,16.0,4.0,2.0,280.0
Atom Life,162.0,5.0,2017.0,5.0,256.0,32768.0,4096.0,13.0,8.0,4.0,2.0,250.0
Atom V,160.0,5.0,2016.0,5.0,256.0,16384.0,3072.0,8.0,5.0,4.0,2.0,210.0
Terrain,168.0,5.0,2016.0,5.0,256.0,65536.0,4096.0,13.0,13.0,4.0,2.0,370.0
N344i,166.0,5.0,2016.0,5.0,256.0,32768.0,3072.0,13.0,8.0,4.0,2.0,280.0
N500i,170.0,6.0,2016.0,5.0,256.0,65536.0,4096.0,13.0,8.0,4.0,2.0,390.0
N908,207.0,7.0,2016.0,4.0,256.0,65536.0,4096.0,16.0,5.0,4.0,1.0,550.0
N938,147.0,5.0,2016.0,5.0,256.0,65536.0,4096.0,16.0,8.0,4.0,2.0,450.0
e121,200.0,5.0,2015.0,5.0,256.0,16384.0,3072.0,8.0,5.0,4.0,2.0,340.0
e122,208.0,7.0,2015.0,6.0,256.0,65536.0,3072.0,13.0,5.0,4.0,1.0,420.0
e949/L1,183.0,6.0,2015.0,5.0,256.0,32768.0,3072.0,8.0,5.0,4.0,2.0,170.0
N600i,153.0,5.0,2015.0,5.0,32.0,16384.0,1024.0,5.0,2.0,4.0,2.0,90.0
e540/N411i,147.0,5.0,2015.0,5.0,256.0,32768.0,3072.0,13.0,5.0,4.0,2.0,290.0
N343i,136.0,4.0,2015.0,5.0,32.0,16384.0,2048.0,8.0,5.0,2.0,2.0,130.0
N900iG,210.0,7.0,2015.0,6.0,256.0,65536.0,3072.0,24.0,8.0,4.0,2.0,480.0
N160,176.0,6.0,2015.0,5.0,32.0,16384.0,2048.0,8.0,5.0,2.0,2.0,220.0
N923,211.0,7.0,2015.0,5.0,256.0,32768.0,3072.0,13.0,5.0,4.0,2.0,330.0
802,180.0,6.0,2014.0,5.0,256.0,8192.0,1024.0,8.0,2.0,4.0,2.0,170.0
N500,150.0,5.0,2015.0,5.0,32.0,8192.0,1024.0,5.0,2.0,4.0,2.0,120.0
216,195.0,6.0,2016.0,5.0,256.0,65536.0,4096.0,16.0,8.0,4.0,3.0,700.0
230,850.0,1.0,2015.0,12.0,32.0,32768.0,2048.0,8.0,2.0,4.0,2.0,490.0
222 Dual SIM,855.0,1.0,2015.0,10.0,32.0,16384.0,1024.0,5.0,2.0,4.0,2.0,240.0
222,350.0,12.0,2015.0,7.0,32.0,16384.0,2048.0,8.0,2.0,4.0,2.0,390.0
105 Dual SIM (2015),160.0,5.0,2014.0,6.0,64.0,16384.0,1024.0,8.0,2.0,3.0,2.0,200.0
N1,239.0,8.0,2014.0,7.0,32.0,16384.0,2048.0,13.0,5.0,4.0,2.0,400.0
Lumia 730 Dual SIM,325.0,11.0,2014.0,7.0,32.0,16384.0,1024.0,5.0,2.0,3.0,2.0,180.0
Lumia 735,160.0,5.0,2014.0,6.0,64.0,16384.0,1024.0,5.0,2.0,3.0,2.0,270.0
Lumia 830,453.0,1.0,2013.0,8.0,32.0,16384.0,1024.0,8.0,720.0,4.0,2.0,240.0
130 Dual SIM,626.0,1.0,2013.0,10.0,32.0,16384.0,1024.0,5.0,2.0,3.0,2.0,220.0
515,169.0,5.0,2017.0,5.0,256.0,65536.0,4096.0,12.0,16.0,4.0,3.0,750.0
107 Dual SIM,175.0,6.0,2017.0,5.0,256.0,32768.0,3072.0,16.0,8.0,4.0,2.0,330.0
106,170.0,6.0,2017.0,5.0,256.0,65536.0,4096.0,12.0,16.0,4.0,3.0,750.0
Lumia 625,145.0,11.0,2017.0,5.0,256.0,32768.0,3072.0,16.0,16.0,4.0,2.0,470.0
Lumia 1020,174.0,6.0,2016.0,5.0,256.0,32768.0,3072.0,16.0,8.0,4.0,2.0,570.0
208,140.0,4.0,2016.0,5.0,256.0,16384.0,2048.0,13.0,5.0,4.0,2.0,200.0
207,165.0,5.0,2016.0,5.0,256.0,65536.0,4096.0,20.0,13.0,4.0,2.0,460.0
Lumia 925,155.0,5.0,2016.0,5.0,256.0,32768.0,3072.0,13.0,5.0,4.0,2.0,260.0
Lumia 928,149.0,5.0,2016.0,5.0,256.0,16384.0,2048.0,13.0,5.0,4.0,2.0,350.0
Asha 501,153.0,5.0,2016.0,5.0,256.0,32768.0,3072.0,13.0,5.0,4.0,2.0,220.0
Asha 210,142.0,1.0,2016.0,5.0,256.0,32768.0,3072.0,13.0,5.0,4.0,2.0,200.0
Lumia 720,158.0,5.0,2016.0,5.0,256.0,16384.0,2048.0,13.0,4.0,4.0,2.0,390.0
Lumia 520,156.0,5.0,2016.0,5.0,256.0,32768.0,3072.0,13.0,4.0,4.0,2.0,280.0
301,158.0,5.0,2016.0,5.0,256.0,16384.0,2048.0,13.0,4.0,4.0,2.0,270.0
105,161.0,5.0,2016.0,5.0,256.0,32768.0,3072.0,12.0,5.0,4.0,2.0,420.0
Asha 310,161.0,5.0,2016.0,5.0,256.0,32768.0,4096.0,12.0,5.0,4.0,3.0,500.0
Lumia 505,155.0,5.0,2016.0,5.0,256.0,16384.0,2048.0,13.0,5.0,4.0,2.0,240.0
Lumia 620,140.0,4.0,2016.0,5.0,256.0,16384.0,2048.0,13.0,5.0,4.0,2.0,190.0
114,140.0,4.0,2016.0,5.0,256.0,16384.0,1024.0,8.0,5.0,4.0,2.0,170.0
206,140.0,4.0,2016.0,5.0,256.0,8192.0,1024.0,5.0,1.0,4.0,2.0,70.0
Asha 205,170.0,6.0,2015.0,5.0,256.0,32768.0,3072.0,13.0,5.0,4.0,2.0,300.0
109,158.0,5.0,2015.0,5.0,256.0,16384.0,2048.0,13.0,4.0,4.0,2.0,270.0
Lumia 510,153.0,5.0,2015.0,5.0,256.0,16384.0,2048.0,13.0,5.0,4.0,2.0,240.0
Lumia 810,165.0,5.0,2015.0,5.0,256.0,16384.0,2048.0,13.0,4.0,4.0,2.0,310.0
Asha 309,161.0,5.0,2015.0,5.0,256.0,32768.0,3072.0,20.0,13.0,4.0,2.0,300.0
Asha 308,143.0,4.0,2015.0,5.0,256.0,16384.0,2048.0,13.0,4.0,4.0,2.0,300.0
Lumia 920,168.0,5.0,2015.0,5.0,256.0,32768.0,3072.0,21.0,4.0,4.0,2.0,480.0
Asha 311,138.0,4.0,2015.0,5.0,256.0,8192.0,1024.0,8.0,2.0,4.0,2.0,190.0
Asha 306,156.0,5.0,2015.0,4.0,256.0,8192.0,1024.0,8.0,2.0,4.0,2.0,110.0
113,155.0,5.0,2015.0,5.0,256.0,32768.0,3072.0,20.0,4.0,4.0,2.0,340.0
112,154.0,5.0,2015.0,5.0,32.0,16384.0,1024.0,13.0,8.0,4.0,2.0,180.0
111,146.0,5.0,2015.0,4.0,32.0,8192.0,1024.0,8.0,2.0,4.0,2.0,130.0
110,168.0,5.0,2015.0,5.0,256.0,32768.0,3072.0,20.0,4.0,4.0,2.0,500.0
Lumia 610 NFC,160.0,5.0,2015.0,5.0,256.0,16384.0,2048.0,13.0,5.0,4.0,2.0,330.0
103,150.0,5.0,2015.0,5.0,256.0,32768.0,3072.0,20.0,13.0,4.0,2.0,320.0
808 PureView,147.0,5.0,2015.0,5.0,256.0,16384.0,2048.0,13.0,4.0,4.0,2.0,320.0
800c,157.0,5.0,2015.0,5.0,256.0,32768.0,3072.0,20.0,4.0,4.0,2.0,420.0
Lumia 610,155.0,5.0,2015.0,5.0,32.0,16384.0,2048.0,13.0,8.0,4.0,2.0,370.0
Asha 302,138.0,4.0,2015.0,5.0,32.0,8192.0,1024.0,13.0,5.0,4.0,2.0,250.0
Asha 203,140.0,4.0,2014.0,5.0,32.0,16384.0,1024.0,13.0,5.0,4.0,2.0,180.0
Asha 202,154.0,5.0,2015.0,4.0,32.0,8192.0,1024.0,8.0,2.0,4.0,2.0,160.0
Lumia 900,183.0,6.0,2015.0,5.0,256.0,16384.0,2048.0,13.0,4.0,4.0,2.0,200.0
801T,160.0,5.0,2014.0,5.0,32.0,8192.0,1024.0,8.0,5.0,4.0,2.0,190.0
X2-02,160.0,5.0,2014.0,5.0,256.0,8192.0,1024.0,8.0,5.0,4.0,2.0,180.0
Lumia 710 T-Mobile,158.0,5.0,2014.0,5.0,32.0,8192.0,16384.0,13.0,5.0,4.0,2.0,260.0
Lumia 710,160.0,5.0,2014.0,5.0,256.0,16384.0,2048.0,13.0,5.0,4.0,2.0,260.0
Asha 303,154.0,5.0,2014.0,5.0,256.0,16384.0,2048.0,13.0,13.0,4.0,2.0,380.0
Asha 300,146.0,5.0,2014.0,4.0,256.0,8192.0,1024.0,8.0,1.0,4.0,2.0,240.0
Asha 201,155.0,5.0,2014.0,5.0,256.0,16384.0,1024.0,13.0,8.0,4.0,2.0,260.0
Asha 200,155.0,5.0,2014.0,5.0,256.0,16384.0,2048.0,13.0,8.0,4.0,2.0,320.0
603,155.0,5.0,2014.0,5.0,256.0,16384.0,2048.0,13.0,8.0,4.0,2.0,340.0
C2-05,164.0,5.0,2014.0,5.0,256.0,16384.0,2048.0,13.0,5.0,4.0,2.0,350.0
X2-05,158.0,5.0,2014.0,4.0,256.0,8192.0,1024.0,5.0,1.0,4.0,2.0,200.0
C5-06,160.0,5.0,2014.0,5.0,256.0,32768.0,2048.0,4.0,5.0,4.0,2.0,300.0
C5-05,160.0,5.0,2014.0,5.0,256.0,32768.0,2048.0,4.0,5.0,4.0,2.0,300.0
C5-04,151.0,5.0,2014.0,5.0,256.0,16384.0,2048.0,13.0,5.0,4.0,2.0,250.0
101,137.0,4.0,2014.0,4.0,256.0,16384.0,1024.0,13.0,5.0,4.0,2.0,280.0
100,160.0,5.0,2014.0,5.0,256.0,16384.0,2048.0,4.0,5.0,4.0,2.0,300.0
701,160.0,5.0,2014.0,5.0,32.0,4096.0,1024.0,5.0,2.0,4.0,2.0,160.0
700,145.0,11.0,2014.0,5.0,256.0,16384.0,2048.0,13.0,5.0,4.0,2.0,420.0
600,137.0,4.0,2014.0,4.0,256.0,16384.0,1024.0,13.0,5.0,4.0,2.0,250.0
C3-01 Gold Edition,150.0,5.0,2014.0,5.0,32.0,4096.0,1024.0,8.0,2.0,4.0,2.0,180.0
N9,160.0,5.0,2014.0,5.0,256.0,32768.0,2048.0,4.0,5.0,4.0,2.0,250.0
C5 5MP,160.0,5.0,2014.0,5.0,256.0,16384.0,2048.0,4.0,5.0,4.0,2.0,250.0
C2-06,140.0,4.0,2014.0,4.0,32.0,4096.0,512.0,5.0,480.0,4.0,2.0,140.0
C2-03,140.0,4.0,2014.0,4.0,32.0,4096.0,512.0,5.0,480.0,4.0,2.0,150.0
C2-02,165.0,5.0,2014.0,5.0,256.0,8192.0,1024.0,13.0,5.0,4.0,2.0,250.0
702T,165.0,5.0,2014.0,5.0,256.0,8192.0,1024.0,13.0,5.0,4.0,2.0,250.0
T7,143.0,4.0,2014.0,4.0,256.0,8192.0,1024.0,8.0,1.0,4.0,2.0,200.0
N950,130.0,4.0,2013.0,4.0,64.0,8192.0,1024.0,8.0,2.0,4.0,2.0,190.0
Oro,149.0,5.0,2014.0,5.0,64.0,8192.0,1024.0,8.0,2.0,4.0,2.0,220.0
X1-01,149.0,5.0,2013.0,5.0,64.0,8192.0,1024.0,8.0,2.0,4.0,2.0,250.0
E6,130.0,4.0,2013.0,4.0,32.0,8192.0,1024.0,8.0,2.0,4.0,2.0,240.0
C7 Astound,217.0,7.0,2013.0,5.0,64.0,16384.0,2048.0,4.0,2.0,4.0,2.0,370.0
C2-01,123.0,4.0,2013.0,4.0,64.0,4096.0,1024.0,8.0,1.0,4.0,2.0,180.0
C3-01 Touch and Type,120.0,4.0,2013.0,4.0,64.0,8192.0,1024.0,8.0,1.0,4.0,2.0,170.0
5250,160.0,5.0,2013.0,5.0,64.0,16384.0,2048.0,4.0,2.0,4.0,2.0,300.0
X3-02 Touch and Type,130.0,4.0,2013.0,4.0,64.0,8192.0,1024.0,8.0,1.0,4.0,2.0,290.0
X5-01,156.0,5.0,2013.0,4.0,64.0,32768.0,2048.0,4.0,2.0,4.0,2.0,300.0
C1-02,140.0,4.0,2012.0,5.0,32.0,16384.0,2048.0,8.0,2.0,4.0,2.0,330.0
C1-00,122.0,4.0,2012.0,4.0,32.0,8192.0,1024.0,5.0,1.0,4.0,2.0,180.0
N8,122.0,4.0,2012.0,4.0,32.0,8192.0,1024.0,5.0,1.0,4.0,2.0,200.0
5330 Mobile TV Edition,137.0,4.0,2012.0,4.0,32.0,16384.0,1024.0,8.0,1.0,4.0,2.0,220.0
2690,132.0,4.0,2012.0,4.0,32.0,8192.0,1024.0,8.0,1.0,4.0,2.0,270.0
2220 slide,134.0,4.0,2012.0,4.0,32.0,16384.0,1024.0,8.0,1.0,4.0,2.0,180.0
X3,163.0,5.0,2012.0,4.0,32.0,16384.0,1024.0,8.0,1.0,3.0,2.0,160.0
5230,163.0,5.0,2012.0,4.0,32.0,16384.0,1024.0,8.0,1.0,3.0,2.0,200.0
5800 Navigation Edition,170.0,6.0,2011.0,4.0,32.0,16384.0,1024.0,8.0,2.0,3.0,2.0,160.0
6350,176.0,6.0,2011.0,4.0,32.0,16384.0,1024.0,8.0,1.0,3.0,2.0,160.0
Mural,147.0,5.0,2011.0,4.0,32.0,4096.0,768.0,5.0,1.0,3.0,2.0,140.0
3720 classic,172.0,7.0,2011.0,4.0,32.0,16384.0,1024.0,8.0,2.0,3.0,2.0,180.0
5530 XpressMusic,177.0,6.0,2011.0,4.0,32.0,16384.0,1024.0,8.0,1.0,3.0,2.0,230.0
3710 fold,130.0,4.0,2011.0,4.0,32.0,4096.0,768.0,5.0,1.0,3.0,2.0,160.0
7020,709.0,1.0,2011.0,10.0,32.0,32768.0,1024.0,8.0,1.0,3.0,2.0,280.0
N86 8MP,135.0,4.0,2011.0,4.0,32.0,1024.0,768.0,8.0,1.0,2.0,2.0,100.0
E55,170.0,6.0,2011.0,4.0,32.0,1024.0,1024.0,5.0,1.0,3.0,2.0,150.0
6710 Navigator,170.0,6.0,2011.0,4.0,32.0,4096.0,1024.0,5.0,1.0,3.0,2.0,220.0
2700 classic,135.0,4.0,2011.0,4.0,32.0,1024.0,768.0,8.0,1.0,2.0,2.0,190.0
E63,420.0,14.0,2011.0,7.0,32.0,16384.0,1024.0,5.0,1.0,3.0,2.0,300.0
7100 Supernova,420.0,14.0,2011.0,7.0,32.0,16384.0,1024.0,5.0,1.0,3.0,2.0,110.0
5130 XpressMusic,425.0,14.0,2011.0,7.0,32.0,32768.0,1024.0,5.0,1.0,3.0,2.0,220.0
1662,164.0,5.0,2011.0,4.0,32.0,4096.0,768.0,8.0,1.0,2.0,2.0,230.0
E71,160.0,5.0,2011.0,4.0,32.0,4096.0,1024.0,8.0,1.0,3.0,2.0,150.0
2680 slide,170.0,6.0,2010.0,4.0,32.0,1024.0,512.0,8.0,1.0,2.0,2.0,90.0
N95,155.0,5.0,2017.0,5.0,256.0,65536.0,4096.0,20.0,8.0,4.0,1.0,500.0
N75,165.0,5.0,2017.0,5.0,256.0,32768.0,3072.0,12.0,8.0,4.0,2.0,250.0
5300,310.0,10.0,2017.0,8.0,256.0,32768.0,3072.0,8.0,8.0,4.0,2.0,300.0
6085,169.0,5.0,2017.0,5.0,256.0,131072.0,4096.0,12.0,20.0,4.0,2.0,380.0
8800 Sirocco,143.0,4.0,2017.0,5.0,256.0,65536.0,4096.0,12.0,20.0,4.0,2.0,330.0
6080,165.0,5.0,2017.0,5.0,256.0,16384.0,2048.0,12.0,8.0,4.0,2.0,250.0
1110i,143.0,4.0,2017.0,5.0,256.0,16384.0,2048.0,13.0,5.0,4.0,2.0,150.0
E50,150.0,5.0,2017.0,5.0,128.0,16384.0,2048.0,13.0,5.0,4.0,2.0,150.0
5500 Sport,150.0,5.0,2017.0,5.0,128.0,16384.0,2048.0,8.0,5.0,4.0,2.0,160.0
N73,184.0,6.0,2017.0,5.0,256.0,65536.0,4096.0,12.0,8.0,4.0,2.0,550.0
2310,165.0,5.0,2017.0,5.0,256.0,65536.0,4096.0,20.0,8.0,4.0,2.0,700.0
1112,145.0,11.0,2017.0,5.0,256.0,32768.0,4096.0,20.0,8.0,4.0,2.0,600.0
6136,146.0,5.0,2017.0,5.0,256.0,32768.0,3072.0,12.0,8.0,4.0,2.0,280.0
6133,147.0,5.0,2017.0,5.0,256.0,16384.0,3072.0,12.0,8.0,4.0,2.0,200.0
6126,138.0,4.0,2016.0,5.0,256.0,16384.0,2048.0,13.0,5.0,4.0,2.0,250.0
6103,190.0,6.0,2016.0,5.0,256.0,65536.0,4096.0,20.0,8.0,4.0,2.0,630.0
6233,170.0,6.0,2016.0,5.0,256.0,32768.0,4096.0,12.0,8.0,4.0,1.0,450.0
6282,145.0,11.0,2016.0,5.0,256.0,16384.0,3072.0,13.0,5.0,4.0,2.0,200.0
9300i,340.0,11.0,2016.0,8.0,256.0,16384.0,3072.0,8.0,2.0,4.0,2.0,230.0
N92,162.0,5.0,2016.0,5.0,256.0,32768.0,3072.0,12.0,8.0,4.0,2.0,210.0
N80,168.0,5.0,2016.0,5.0,128.0,16384.0,2048.0,13.0,8.0,4.0,2.0,140.0
7380,160.0,5.0,2016.0,5.0,256.0,32768.0,3072.0,16.0,8.0,4.0,1.0,420.0
7370,146.0,5.0,2016.0,5.0,256.0,32768.0,3072.0,12.0,8.0,4.0,1.0,300.0
7360,495.0,9.0,2016.0,10.0,256.0,16384.0,2048.0,8.0,2.0,4.0,2.0,240.0
E61,160.0,5.0,2016.0,5.0,256.0,32768.0,3072.0,16.0,8.0,4.0,1.0,280.0
E60,219.0,7.0,2016.0,6.0,256.0,32768.0,4096.0,13.0,5.0,4.0,1.0,440.0
3250,153.0,5.0,2016.0,5.0,256.0,32768.0,4096.0,12.0,8.0,4.0,2.0,340.0
6708,140.0,4.0,2016.0,5.0,128.0,16384.0,2048.0,13.0,5.0,4.0,2.0,120.0
6280,278.0,9.0,2016.0,7.0,64.0,16384.0,2048.0,5.0,2.0,4.0,2.0,100.0
6111,156.0,5.0,2016.0,5.0,256.0,16384.0,2048.0,13.0,8.0,4.0,2.0,170.0
6060,150.0,5.0,2016.0,4.0,32.0,8192.0,1024.0,5.0,2.0,4.0,2.0,80.0
N91,135.0,4.0,2016.0,5.0,32.0,8192.0,1024.0,8.0,2.0,4.0,2.0,110.0
N90,147.0,5.0,2016.0,5.0,256.0,16384.0,2048.0,13.0,8.0,4.0,2.0,250.0
N70,162.0,5.0,2016.0,5.0,256.0,65536.0,4096.0,12.0,8.0,4.0,1.0,580.0
2652,144.0,8.0,2016.0,5.0,256.0,32768.0,3072.0,12.0,8.0,4.0,1.0,400.0
1600,160.0,5.0,2016.0,5.0,256.0,16384.0,2048.0,13.0,5.0,4.0,2.0,140.0
5140i,135.0,4.0,2015.0,5.0,256.0,16384.0,2048.0,13.0,5.0,4.0,2.0,200.0
8800,185.0,6.0,2015.0,6.0,256.0,32768.0,3072.0,16.0,8.0,4.0,2.0,430.0
6230i,167.0,5.0,2015.0,5.0,256.0,32768.0,3072.0,13.0,5.0,4.0,2.0,280.0
6021,158.0,5.0,2015.0,5.0,256.0,16384.0,2048.0,13.0,5.0,4.0,2.0,300.0
6030,160.0,5.0,2015.0,5.0,256.0,16384.0,2048.0,13.0,5.0,4.0,2.0,190.0
6681,156.0,5.0,2015.0,5.0,256.0,32768.0,3072.0,13.0,8.0,4.0,2.0,350.0
6101,160.0,5.0,2015.0,5.0,256.0,32768.0,3072.0,13.0,13.0,4.0,2.0,310.0
6822,125.0,4.0,2015.0,5.0,256.0,8192.0,1024.0,8.0,2.0,4.0,2.0,90.0
6020,157.0,5.0,2015.0,5.0,256.0,16384.0,3072.0,20.0,8.0,4.0,2.0,300.0
3230,330.0,11.0,2015.0,8.0,256.0,16384.0,2048.0,8.0,2.0,4.0,2.0,250.0
7280,141.0,1.0,2015.0,4.0,32.0,8192.0,1024.0,5.0,2.0,4.0,2.0,110.0
7270,160.0,5.0,2015.0,5.0,32.0,4096.0,1024.0,8.0,2.0,4.0,2.0,130.0
7260,162.0,5.0,2015.0,5.0,32.0,8192.0,2048.0,13.0,5.0,4.0,2.0,170.0
9300,131.0,4.0,2015.0,5.0,256.0,16384.0,2048.0,13.0,5.0,4.0,2.0,230.0
6630,131.0,4.0,2015.0,5.0,256.0,16384.0,2048.0,13.0,5.0,4.0,2.0,170.0
6260,228.0,4.0,2015.0,6.0,64.0,65536.0,3072.0,13.0,5.0,4.0,2.0,420.0
6170,144.0,8.0,2015.0,5.0,256.0,16384.0,3072.0,13.0,8.0,4.0,2.0,270.0
3128,150.0,5.0,2015.0,5.0,32.0,8192.0,1024.0,5.0,2.0,4.0,2.0,170.0
2650,239.0,8.0,2015.0,7.0,256.0,16384.0,2048.0,13.0,5.0,4.0,2.0,370.0
2600,178.0,6.0,2015.0,5.0,32.0,4096.0,1024.0,5.0,2.0,4.0,2.0,140.0
3220,118.0,4.0,2015.0,4.0,32.0,4096.0,512.0,5.0,2.0,4.0,2.0,90.0
5140,173.0,10.0,2014.0,6.0,32.0,8192.0,1024.0,8.0,2.0,4.0,2.0,200.0
6610i,165.0,5.0,2014.0,5.0,256.0,16384.0,3072.0,8.0,8.0,4.0,2.0,320.0
3108,185.0,6.0,2014.0,6.0,256.0,65536.0,3072.0,13.0,5.0,4.0,2.0,500.0
7700,165.0,5.0,2014.0,5.0,32.0,8192.0,2048.0,13.0,5.0,4.0,2.0,200.0
7200,156.0,5.0,2014.0,5.0,32.0,16384.0,1024.0,8.0,2.0,4.0,2.0,100.0
6230,433.0,15.0,2015.0,9.0,32.0,8192.0,1024.0,5.0,2.0,4.0,2.0,180.0
3660,160.0,5.0,2014.0,5.0,32.0,8192.0,1024.0,8.0,2.0,4.0,2.0,100.0
7600,160.0,5.0,2014.0,5.0,32.0,8192.0,1024.0,8.0,2.0,4.0,2.0,180.0
3200,153.0,5.0,2014.0,4.0,32.0,4096.0,1024.0,5.0,2.0,4.0,2.0,130.0
2300,165.0,5.0,2014.0,5.0,32.0,16384.0,2048.0,13.0,5.0,4.0,2.0,260.0
6620,185.0,6.0,2014.0,6.0,256.0,16384.0,2048.0,13.0,5.0,4.0,2.0,340.0
6600,156.0,5.0,2014.0,5.0,32.0,16384.0,1024.0,8.0,2.0,4.0,2.0,130.0
3100,130.0,4.0,2014.0,5.0,64.0,16384.0,3072.0,13.0,5.0,4.0,2.0,290.0
7250i,162.0,5.0,2014.0,5.0,64.0,32768.0,2048.0,13.0,5.0,4.0,2.0,200.0
6108,140.0,4.0,2014.0,5.0,32.0,8192.0,1024.0,8.0,5.0,4.0,2.0,200.0
6220,145.0,11.0,2014.0,4.0,32.0,8192.0,1024.0,5.0,1.0,4.0,2.0,110.0
N-Gage,160.0,5.0,2014.0,5.0,32.0,4096.0,1024.0,8.0,1.0,4.0,2.0,170.0
6800,124.0,4.0,2014.0,5.0,64.0,16384.0,2048.0,13.0,8.0,4.0,2.0,250.0
6100,115.0,6.0,2014.0,4.0,32.0,8192.0,1024.0,8.0,5.0,4.0,2.0,180.0
3650,115.0,6.0,2014.0,4.0,32.0,8192.0,1024.0,8.0,5.0,4.0,2.0,240.0
3530,115.0,6.0,2014.0,4.0,32.0,4096.0,1024.0,8.0,5.0,4.0,2.0,250.0
3510i,329.0,11.0,2014.0,8.0,32.0,8192.0,1024.0,5.0,1.0,4.0,2.0,300.0
6610,239.0,8.0,2014.0,7.0,32.0,16384.0,2048.0,13.0,5.0,4.0,2.0,350.0
6310i,202.0,7.0,2014.0,6.0,64.0,16384.0,2048.0,13.0,5.0,4.0,2.0,330.0
7650,162.0,5.0,2013.0,5.0,64.0,8192.0,2048.0,13.0,5.0,4.0,2.0,250.0
8910,140.0,4.0,2013.0,5.0,32.0,8192.0,2048.0,8.0,5.0,4.0,2.0,140.0
6510,150.0,5.0,2013.0,5.0,32.0,8192.0,1024.0,8.0,1.0,4.0,2.0,250.0
8310,138.0,4.0,2013.0,4.0,32.0,8192.0,2048.0,13.0,1.0,3.0,2.0,230.0
6310,155.0,5.0,2013.0,5.0,32.0,8192.0,2048.0,8.0,1.0,4.0,2.0,190.0
8890,120.0,4.0,2013.0,4.0,32.0,8192.0,2048.0,8.0,5.0,3.0,2.0,230.0
8850,140.0,4.0,2013.0,4.0,32.0,4096.0,1024.0,5.0,1.0,3.0,2.0,120.0
6210,145.0,11.0,2013.0,4.0,32.0,8192.0,1024.0,8.0,1.0,3.0,2.0,250.0
6150,198.0,6.0,2013.0,6.0,64.0,8192.0,2048.0,8.0,1.0,4.0,2.0,230.0
2110,145.0,11.0,2012.0,4.0,32.0,8192.0,2048.0,8.0,1.0,3.0,2.0,150.0
Shield,135.0,4.0,2012.0,4.0,32.0,4096.0,1024.0,8.0,1.0,3.0,2.0,150.0
XDA Argon,110.0,3.0,2012.0,4.0,32.0,4096.0,1024.0,8.0,1.0,3.0,2.0,170.0
Jet,580.0,1.0,2012.0,10.0,32.0,8192.0,2048.0,8.0,1.0,3.0,2.0,330.0
Ice,132.0,4.0,2012.0,4.0,32.0,8192.0,1024.0,8.0,1.0,3.0,2.0,350.0
XDA Atom Exec,132.0,4.0,2012.0,4.0,32.0,8192.0,1024.0,8.0,1.0,3.0,2.0,210.0
XDA Trion,150.0,5.0,2012.0,4.0,32.0,8192.0,1024.0,8.0,1.0,3.0,2.0,260.0
XDA Neo,130.0,4.0,2012.0,4.0,32.0,8192.0,1024.0,8.0,1.0,3.0,2.0,290.0
XDA Atom,130.0,4.0,2012.0,4.0,32.0,4096.0,1024.0,8.0,1.0,3.0,2.0,260.0
X2i,390.0,13.0,2011.0,7.0,32.0,8192.0,1024.0,5.0,1.0,2.0,2.0,150.0
X7,390.0,13.0,2011.0,7.0,32.0,8192.0,1024.0,5.0,1.0,2.0,2.0,160.0
Breakout,150.0,5.0,2016.0,5.0,32.0,16384.0,2048.0,8.0,2.0,4.0,2.0,170.0
Breeze III,384.0,13.0,2014.0,7.0,256.0,32768.0,2048.0,5.0,2.0,3.0,2.0,170.0
Vega Xpress IM-A720L,141.0,4.0,2013.0,4.0,32.0,16384.0,1024.0,8.0,2.0,4.0,2.0,180.0
P4000,138.0,4.0,2014.0,4.0,32.0,4096.0,1024.0,5.0,2.0,4.0,2.0,80.0
PG-6200,200.0,5.0,2013.0,5.0,32.0,4096.0,1024.0,8.0,2.0,2.0,2.0,160.0
Zum,200.0,5.0,2014.0,4.0,32.0,16384.0,2048.0,8.0,2.0,4.0,2.0,320.0
S309,187.0,6.0,2014.0,4.0,32.0,16384.0,2048.0,8.0,2.0,4.0,2.0,300.0
S616,168.0,5.0,2013.0,4.0,32.0,4096.0,1024.0,5.0,1.0,4.0,2.0,270.0
T3566,140.0,4.0,2017.0,4.0,32.0,8192.0,1024.0,5.0,5.0,4.0,2.0,6099.0
W7376,163.0,5.0,2017.0,5.0,128.0,32768.0,4096.0,13.0,8.0,4.0,2.0,250.0
X1560,148.0,5.0,2017.0,5.0,128.0,16384.0,2048.0,8.0,5.0,4.0,2.0,160.0
X125,153.0,5.0,2016.0,5.0,32.0,16384.0,3072.0,13.0,8.0,4.0,2.0,150.0
W626,142.0,1.0,2016.0,5.0,32.0,8192.0,2048.0,8.0,5.0,4.0,2.0,100.0
V726,133.0,4.0,2015.0,5.0,32.0,16384.0,3072.0,13.0,5.0,4.0,2.0,150.0
W725,128.0,4.0,2015.0,5.0,32.0,16384.0,2048.0,13.0,8.0,4.0,2.0,120.0
D613,135.0,4.0,2015.0,5.0,32.0,32768.0,2048.0,8.0,5.0,4.0,2.0,160.0
D612,152.0,5.0,2015.0,5.0,32.0,8192.0,1024.0,8.0,2.0,4.0,2.0,110.0
F515,160.0,5.0,2015.0,5.0,32.0,8192.0,1024.0,8.0,3.0,4.0,2.0,130.0
T910,174.0,6.0,2014.0,5.0,32.0,8192.0,1024.0,10.0,2.0,3.0,2.0,130.0
X703,160.0,5.0,2014.0,5.0,32.0,8192.0,1024.0,8.0,2.0,4.0,2.0,100.0
X606,134.0,4.0,2014.0,5.0,32.0,8192.0,1024.0,8.0,5.0,4.0,2.0,110.0
X510,116.0,9.0,2014.0,4.0,32.0,16384.0,1024.0,13.0,3.0,4.0,2.0,150.0
C702,138.0,4.0,2014.0,4.0,32.0,8192.0,1024.0,8.0,2.0,4.0,2.0,100.0
V808,114.0,2.0,2014.0,4.0,32.0,4096.0,1024.0,8.0,3.0,4.0,2.0,180.0
Xenium 9@9q,475.0,5.0,2017.0,10.0,256.0,16384.0,3072.0,8.0,5.0,4.0,2.0,240.0
298,500.0,10.0,2017.0,10.0,256.0,16384.0,2048.0,5.0,2.0,4.0,2.0,140.0
X800,300.0,10.0,2017.0,8.0,256.0,16384.0,3072.0,8.0,5.0,4.0,2.0,190.0
M600,310.0,10.0,2017.0,8.0,256.0,16384.0,2048.0,5.0,2.0,4.0,2.0,100.0
Xenium 9@9v,329.0,11.0,2017.0,8.0,256.0,16384.0,3072.0,8.0,5.0,4.0,2.0,170.0
191,142.0,1.0,2016.0,5.0,32.0,16384.0,2048.0,8.0,2.0,4.0,2.0,130.0
Xenium 9@9j,142.0,1.0,2016.0,5.0,32.0,16384.0,1024.0,8.0,2.0,4.0,2.0,110.0
392,144.0,8.0,2016.0,4.0,32.0,8192.0,1024.0,5.0,2.0,4.0,2.0,80.0
Xenium 9@9u,146.0,5.0,2016.0,4.0,32.0,8192.0,1024.0,5.0,2.0,2.0,2.0,70.0
692,177.0,6.0,2016.0,5.0,256.0,32768.0,3072.0,13.0,5.0,4.0,2.0,240.0
699 Dual SIM,169.0,5.0,2016.0,5.0,256.0,32768.0,3072.0,16.0,8.0,4.0,2.0,250.0
892,145.0,11.0,2016.0,5.0,256.0,16384.0,2048.0,13.0,8.0,4.0,2.0,170.0
399,140.0,4.0,2016.0,5.0,256.0,16384.0,2048.0,13.0,8.0,4.0,2.0,200.0
